Date,Country,Continent,Population,Weekly_New_Cases,Weekly_New_Deaths,Cumulative_Cases,Cumulative_Deaths,Cases_Per_Million,Deaths_Per_Million,Case_Fatality_Rate_Pct,Vaccinated_Pct,Recovery_Rate_Pct
2020-01-05,France,Europe,67000000,10639,264,10639,264,158.79,3.94,2.481,0.0,97.52
2020-01-12,France,Europe,67000000,18193,298,28832,562,430.33,8.39,1.949,0.0,98.05
2020-01-19,France,Europe,67000000,15259,246,44091,808,658.07,12.06,1.833,0.0,98.17
2020-01-26,France,Europe,67000000,17278,164,61369,972,915.96,14.51,1.584,0.0,98.42
2020-02-02,France,Europe,67000000,12088,108,73457,1080,1096.37,16.12,1.47,0.0,98.53
2020-02-09,France,Europe,67000000,17012,215,90469,1295,1350.28,19.33,1.431,0.0,98.57
2020-02-16,France,Europe,67000000,19726,490,110195,1785,1644.7,26.64,1.62,0.0,98.38
2020-02-23,France,Europe,67000000,17833,316,128028,2101,1910.87,31.36,1.641,0.0,98.36
2020-03-01,France,Europe,67000000,18866,422,146894,2523,2192.45,37.66,1.718,0.0,98.28
2020-03-08,France,Europe,67000000,25549,585,172443,3108,2573.78,46.39,1.802,0.0,98.2
2020-03-15,France,Europe,67000000,27315,231,199758,3339,2981.46,49.84,1.672,0.0,98.33
2020-03-22,France,Europe,67000000,26384,548,226142,3887,3375.25,58.01,1.719,0.0,98.28
2020-03-29,France,Europe,67000000,18868,457,245010,4344,3656.87,64.84,1.773,0.0,98.23
2020-04-05,France,Europe,67000000,18245,356,263255,4700,3929.18,70.15,1.785,0.0,98.22
2020-04-12,France,Europe,67000000,19774,303,283029,5003,4224.31,74.67,1.768,0.0,98.23
2020-04-19,France,Europe,67000000,27387,481,310416,5484,4633.07,81.85,1.767,0.0,98.23
2020-04-26,France,Europe,67000000,23616,319,334032,5803,4985.55,86.61,1.737,0.0,98.26
2020-05-03,France,Europe,67000000,30260,316,364292,6119,5437.19,91.33,1.68,0.0,98.32
2020-05-10,France,Europe,67000000,24474,571,388766,6690,5802.48,99.85,1.721,0.0,98.28
2020-05-17,France,Europe,67000000,31292,463,420058,7153,6269.52,106.76,1.703,0.0,98.3
2020-05-24,France,Europe,67000000,30385,668,450443,7821,6723.03,116.73,1.736,0.0,98.26
2020-05-31,France,Europe,67000000,32719,564,483162,8385,7211.37,125.15,1.735,0.0,98.27
2020-06-07,France,Europe,67000000,22025,271,505187,8656,7540.1,129.19,1.713,0.0,98.29
2020-06-14,France,Europe,67000000,23666,428,528853,9084,7893.33,135.58,1.718,0.0,98.28
2020-06-21,France,Europe,67000000,19523,367,548376,9451,8184.72,141.06,1.723,0.0,98.28
2020-06-28,France,Europe,67000000,25022,325,573398,9776,8558.18,145.91,1.705,0.0,98.3
2020-07-05,France,Europe,67000000,33522,530,606920,10306,9058.51,153.82,1.698,0.0,98.3
2020-07-12,France,Europe,67000000,20686,456,627606,10762,9367.25,160.63,1.715,0.0,98.28
2020-07-19,France,Europe,67000000,19890,404,647496,11166,9664.12,166.66,1.724,0.0,98.28
2020-07-26,France,Europe,67000000,31702,443,679198,11609,10137.28,173.27,1.709,0.0,98.29
2020-08-02,France,Europe,67000000,32392,543,711590,12152,10620.75,181.37,1.708,0.0,98.29
2020-08-09,France,Europe,67000000,26351,231,737941,12383,11014.04,184.82,1.678,0.0,98.32
2020-08-16,France,Europe,67000000,23365,556,761306,12939,11362.78,193.12,1.7,0.0,98.3
2020-08-23,France,Europe,67000000,24758,428,786064,13367,11732.3,199.51,1.7,0.0,98.3
2020-08-30,France,Europe,67000000,26677,481,812741,13848,12130.46,206.69,1.704,0.0,98.3
2020-09-06,France,Europe,67000000,19028,269,831769,14117,12414.46,210.7,1.697,0.0,98.3
2020-09-13,France,Europe,67000000,28837,329,860606,14446,12844.87,215.61,1.679,0.0,98.32
2020-09-20,France,Europe,67000000,20550,167,881156,14613,13151.58,218.1,1.658,0.0,98.34
2020-09-27,France,Europe,67000000,23594,542,904750,15155,13503.73,226.19,1.675,0.0,98.33
2020-10-04,France,Europe,67000000,17540,197,922290,15352,13765.52,229.13,1.665,0.0,98.33
2020-10-11,France,Europe,67000000,20754,424,943044,15776,14075.28,235.46,1.673,0.0,98.33
2020-10-18,France,Europe,67000000,24742,372,967786,16148,14444.57,241.01,1.669,0.0,98.33
2020-10-25,France,Europe,67000000,25615,470,993401,16618,14826.88,248.03,1.673,0.0,98.33
2020-11-01,France,Europe,67000000,26587,582,1019988,17200,15223.7,256.72,1.686,0.0,98.31
2020-11-08,France,Europe,67000000,17679,223,1037667,17423,15487.57,260.04,1.679,0.0,98.32
2020-11-15,France,Europe,67000000,15502,212,1053169,17635,15718.94,263.21,1.674,0.0,98.33
2020-11-22,France,Europe,67000000,24956,371,1078125,18006,16091.42,268.75,1.67,0.0,98.33
2020-11-29,France,Europe,67000000,15290,320,1093415,18326,16319.63,273.52,1.676,0.0,98.32
2020-12-06,France,Europe,67000000,17955,189,1111370,18515,16587.61,276.34,1.666,0.0,98.33
2020-12-13,France,Europe,67000000,15426,232,1126796,18747,16817.85,279.81,1.664,0.0,98.34
2020-12-20,France,Europe,67000000,18084,151,1144880,18898,17087.76,282.06,1.651,0.0,98.35
2020-12-27,France,Europe,67000000,12701,213,1157581,19111,17277.33,285.24,1.651,0.0,98.35
2021-01-03,France,Europe,67000000,11860,221,1169441,19332,17454.34,288.54,1.653,0.0,98.35
2021-01-10,France,Europe,67000000,12633,178,1182074,19510,17642.9,291.19,1.65,0.0,98.35
2021-01-17,France,Europe,67000000,14919,279,1196993,19789,17865.57,295.36,1.653,0.0,98.35
2021-01-24,France,Europe,67000000,8333,146,1205326,19935,17989.94,297.54,1.654,0.0,98.35
2021-01-31,France,Europe,67000000,11278,226,1216604,20161,18158.27,300.91,1.657,0.0,98.34
2021-02-07,France,Europe,67000000,6890,169,1223494,20330,18261.1,303.43,1.662,0.0,98.34
2021-02-14,France,Europe,67000000,7260,77,1230754,20407,18369.46,304.58,1.658,0.0,98.34
2021-02-21,France,Europe,67000000,5164,49,1235918,20456,18446.54,305.31,1.655,0.0,98.34
2021-02-28,France,Europe,67000000,6241,62,1242159,20518,18539.69,306.24,1.652,0.0,98.35
2021-03-07,France,Europe,67000000,3226,72,1245385,20590,18587.84,307.31,1.653,0.28,98.35
2021-03-14,France,Europe,67000000,2183,19,1247568,20609,18620.42,307.6,1.652,0.8,98.35
2021-03-21,France,Europe,67000000,1783,34,1249351,20643,18647.03,308.1,1.652,1.57,98.35
2021-03-28,France,Europe,67000000,1902,39,1251253,20682,18675.42,308.69,1.653,2.85,98.35
2021-04-04,France,Europe,67000000,2666,46,1253919,20728,18715.21,309.37,1.653,4.24,98.35
2021-04-11,France,Europe,67000000,3045,50,1256964,20778,18760.66,310.12,1.653,5.67,98.35
2021-04-18,France,Europe,67000000,4197,34,1261161,20812,18823.3,310.63,1.65,7.34,98.35
2021-04-25,France,Europe,67000000,2866,61,1264027,20873,18866.07,311.54,1.651,8.91,98.35
2021-05-02,France,Europe,67000000,5792,55,1269819,20928,18952.52,312.36,1.648,10.45,98.35
2021-05-09,France,Europe,67000000,5898,117,1275717,21045,19040.55,314.1,1.65,11.97,98.35
2021-05-16,France,Europe,67000000,7144,109,1282861,21154,19147.18,315.73,1.649,13.35,98.35
2021-05-23,France,Europe,67000000,7951,79,1290812,21233,19265.85,316.91,1.645,15.13,98.36
2021-05-30,France,Europe,67000000,10251,247,1301063,21480,19418.85,320.6,1.651,16.47,98.35
2021-06-06,France,Europe,67000000,12410,269,1313473,21749,19604.07,324.61,1.656,18.07,98.34
2021-06-13,France,Europe,67000000,11949,159,1325422,21908,19782.42,326.99,1.653,19.76,98.35
2021-06-20,France,Europe,67000000,12109,111,1337531,22019,19963.15,328.64,1.646,21.15,98.35
2021-06-27,France,Europe,67000000,16465,369,1353996,22388,20208.9,334.15,1.653,22.94,98.35
2021-07-04,France,Europe,67000000,15061,183,1369057,22571,20433.69,336.88,1.649,24.24,98.35
2021-07-11,France,Europe,67000000,12093,100,1381150,22671,20614.18,338.37,1.641,25.67,98.36
2021-07-18,France,Europe,67000000,12846,192,1393996,22863,20805.91,341.24,1.64,27.43,98.36
2021-07-25,France,Europe,67000000,15915,364,1409911,23227,21043.45,346.67,1.647,29.0,98.35
2021-08-01,France,Europe,67000000,14774,207,1424685,23434,21263.96,349.76,1.645,30.25,98.36
2021-08-08,France,Europe,67000000,16375,319,1441060,23753,21508.36,354.52,1.648,31.49,98.35
2021-08-15,France,Europe,67000000,15586,225,1456646,23978,21740.99,357.88,1.646,33.28,98.35
2021-08-22,France,Europe,67000000,22993,470,1479639,24448,22084.16,364.9,1.652,34.55,98.35
2021-08-29,France,Europe,67000000,23726,506,1503365,24954,22438.28,372.45,1.66,36.11,98.34
2021-09-05,France,Europe,67000000,27088,366,1530453,25320,22842.58,377.91,1.654,37.87,98.35
2021-09-12,France,Europe,67000000,26872,220,1557325,25540,23243.66,381.19,1.64,39.34,98.36
2021-09-19,France,Europe,67000000,28381,276,1585706,25816,23667.25,385.31,1.628,40.87,98.37
2021-09-26,France,Europe,67000000,29056,506,1614762,26322,24100.93,392.87,1.63,42.19,98.37
2021-10-03,France,Europe,67000000,24169,277,1638931,26599,24461.66,397.0,1.623,43.7,98.38
2021-10-10,France,Europe,67000000,17460,319,1656391,26918,24722.25,401.76,1.625,45.21,98.38
2021-10-17,France,Europe,67000000,27266,510,1683657,27428,25129.21,409.37,1.629,46.74,98.37
2021-10-24,France,Europe,67000000,26917,281,1710574,27709,25530.96,413.57,1.62,48.3,98.38
2021-10-31,France,Europe,67000000,19644,466,1730218,28175,25824.15,420.52,1.628,49.54,98.37
2021-11-07,France,Europe,67000000,23669,469,1753887,28644,26177.42,427.52,1.633,51.01,98.37
2021-11-14,France,Europe,67000000,18807,327,1772694,28971,26458.12,432.4,1.634,52.6,98.37
2021-11-21,France,Europe,67000000,28123,403,1800817,29374,26877.87,438.42,1.631,54.13,98.37
2021-11-28,France,Europe,67000000,24426,474,1825243,29848,27242.43,445.49,1.635,55.68,98.36
2021-12-05,France,Europe,67000000,25630,313,1850873,30161,27624.97,450.16,1.63,56.89,98.37
2021-12-12,France,Europe,67000000,20324,203,1871197,30364,27928.31,453.19,1.623,58.36,98.38
2021-12-19,France,Europe,67000000,26946,313,1898143,30677,28330.49,457.87,1.616,60.12,98.38
2021-12-26,France,Europe,67000000,17729,374,1915872,31051,28595.1,463.45,1.621,61.69,98.38
2022-01-02,France,Europe,67000000,23176,205,1939048,31256,28941.01,466.51,1.612,63.27,98.39
2022-01-09,France,Europe,67000000,23221,555,1962269,31811,29287.6,474.79,1.621,64.8,98.38
2022-01-16,France,Europe,67000000,31273,367,1993542,32178,29754.36,480.27,1.614,66.43,98.39
2022-01-23,France,Europe,67000000,26242,539,2019784,32717,30146.03,488.31,1.62,67.76,98.38
2022-01-30,France,Europe,67000000,26650,438,2046434,33155,30543.79,494.85,1.62,69.41,98.38
2022-02-06,France,Europe,67000000,21459,496,2067893,33651,30864.07,502.25,1.627,70.66,98.37
2022-02-13,France,Europe,67000000,27950,632,2095843,34283,31281.24,511.69,1.636,72.35,98.36
2022-02-20,France,Europe,67000000,23398,361,2119241,34644,31630.46,517.07,1.635,74.14,98.36
2022-02-27,France,Europe,67000000,19100,330,2138341,34974,31915.54,522.0,1.636,75.75,98.36
2022-03-06,France,Europe,67000000,25051,287,2163392,35261,32289.43,526.28,1.63,77.34,98.37
2022-03-13,France,Europe,67000000,26054,230,2189446,35491,32678.3,529.72,1.621,79.09,98.38
2022-03-20,France,Europe,67000000,15332,215,2204778,35706,32907.13,532.93,1.619,80.3,98.38
2022-03-27,France,Europe,67000000,15537,364,2220315,36070,33139.03,538.36,1.625,81.71,98.38
2022-04-03,France,Europe,67000000,19335,225,2239650,36295,33427.61,541.72,1.621,83.27,98.38
2022-04-10,France,Europe,67000000,20769,297,2260419,36592,33737.6,546.15,1.619,84.67,98.38
2022-04-17,France,Europe,67000000,23424,340,2283843,36932,34087.21,551.22,1.617,86.16,98.38
2022-04-24,France,Europe,67000000,15993,341,2299836,37273,34325.91,556.31,1.621,87.6,98.38
2022-05-01,France,Europe,67000000,17860,219,2317696,37492,34592.48,559.58,1.618,89.39,98.38
2022-05-08,France,Europe,67000000,14897,314,2332593,37806,34814.82,564.27,1.621,90.85,98.38
2022-05-15,France,Europe,67000000,13444,290,2346037,38096,35015.48,568.6,1.624,92.0,98.38
2022-05-22,France,Europe,67000000,19016,448,2365053,38544,35299.3,575.28,1.63,92.0,98.37
2022-05-29,France,Europe,67000000,10714,229,2375767,38773,35459.21,578.7,1.632,92.0,98.37
2022-06-05,France,Europe,67000000,17867,336,2393634,39109,35725.88,583.72,1.634,92.0,98.37
2022-06-12,France,Europe,67000000,15267,260,2408901,39369,35953.75,587.6,1.634,92.0,98.37
2022-06-19,France,Europe,67000000,18652,282,2427553,39651,36232.13,591.81,1.633,92.0,98.37
2022-06-26,France,Europe,67000000,19421,353,2446974,40004,36522.0,597.07,1.635,92.0,98.36
2022-07-03,France,Europe,67000000,18146,270,2465120,40274,36792.84,601.1,1.634,92.0,98.37
2022-07-10,France,Europe,67000000,12780,147,2477900,40421,36983.58,603.3,1.631,92.0,98.37
2022-07-17,France,Europe,67000000,20769,170,2498669,40591,37293.57,605.84,1.625,92.0,98.38
2022-07-24,France,Europe,67000000,23813,235,2522482,40826,37648.99,609.34,1.618,92.0,98.38
2022-07-31,France,Europe,67000000,22883,549,2545365,41375,37990.52,617.54,1.626,92.0,98.37
2022-08-07,France,Europe,67000000,22697,500,2568062,41875,38329.28,625.0,1.631,92.0,98.37
2022-08-14,France,Europe,67000000,24303,197,2592365,42072,38692.01,627.94,1.623,92.0,98.38
2022-08-21,France,Europe,67000000,20282,353,2612647,42425,38994.73,633.21,1.624,92.0,98.38
2022-08-28,France,Europe,67000000,24545,228,2637192,42653,39361.07,636.61,1.617,92.0,98.38
2022-09-04,France,Europe,67000000,26124,304,2663316,42957,39750.99,641.15,1.613,92.0,98.39
2022-09-11,France,Europe,67000000,26008,487,2689324,43444,40139.16,648.42,1.615,92.0,98.39
2022-09-18,France,Europe,67000000,19439,232,2708763,43676,40429.3,651.88,1.612,92.0,98.39
2022-09-25,France,Europe,67000000,28352,264,2737115,43940,40852.46,655.82,1.605,92.0,98.39
2022-10-02,France,Europe,67000000,20993,354,2758108,44294,41165.79,661.1,1.606,92.0,98.39
2022-10-09,France,Europe,67000000,28687,397,2786795,44691,41593.96,667.03,1.604,92.0,98.4
2022-10-16,France,Europe,67000000,22291,183,2809086,44874,41926.66,669.76,1.597,92.0,98.4
2022-10-23,France,Europe,67000000,23064,345,2832150,45219,42270.9,674.91,1.597,92.0,98.4
2022-10-30,France,Europe,67000000,22109,360,2854259,45579,42600.88,680.28,1.597,92.0,98.4
2022-11-06,France,Europe,67000000,27255,617,2881514,46196,43007.67,689.49,1.603,92.0,98.4
2022-11-13,France,Europe,67000000,27982,365,2909496,46561,43425.31,694.94,1.6,92.0,98.4
2022-11-20,France,Europe,67000000,21612,325,2931108,46886,43747.88,699.79,1.6,92.0,98.4
2022-11-27,France,Europe,67000000,29208,293,2960316,47179,44183.82,704.16,1.594,92.0,98.41
2022-12-04,France,Europe,67000000,24830,248,2985146,47427,44554.42,707.87,1.589,92.0,98.41
2022-12-11,France,Europe,67000000,20852,225,3005998,47652,44865.64,711.22,1.585,92.0,98.42
2022-12-18,France,Europe,67000000,20079,275,3026077,47927,45165.33,715.33,1.584,92.0,98.42
2022-12-25,France,Europe,67000000,24099,596,3050176,48523,45525.01,724.22,1.591,92.0,98.41
2023-01-01,France,Europe,67000000,26306,600,3076482,49123,45917.64,733.18,1.597,92.0,98.4
2023-01-08,France,Europe,67000000,21322,443,3097804,49566,46235.88,739.79,1.6,92.0,98.4
2023-01-15,France,Europe,67000000,19862,343,3117666,49909,46532.33,744.91,1.601,92.0,98.4
2023-01-22,France,Europe,67000000,15516,373,3133182,50282,46763.91,750.48,1.605,92.0,98.39
2023-01-29,France,Europe,67000000,21255,507,3154437,50789,47081.15,758.04,1.61,92.0,98.39
2023-02-05,France,Europe,67000000,26829,448,3181266,51237,47481.58,764.73,1.611,92.0,98.39
2023-02-12,France,Europe,67000000,23526,459,3204792,51696,47832.72,771.58,1.613,92.0,98.39
2023-02-19,France,Europe,67000000,25081,531,3229873,52227,48207.06,779.51,1.617,92.0,98.38
2023-02-26,France,Europe,67000000,23232,451,3253105,52678,48553.81,786.24,1.619,92.0,98.38
2023-03-05,France,Europe,67000000,22765,267,3275870,52945,48893.58,790.22,1.616,92.0,98.38
2023-03-12,France,Europe,67000000,21884,447,3297754,53392,49220.21,796.9,1.619,92.0,98.38
2023-03-19,France,Europe,67000000,19681,313,3317435,53705,49513.96,801.57,1.619,92.0,98.38
2023-03-26,France,Europe,67000000,13431,136,3330866,53841,49714.42,803.6,1.616,92.0,98.38
2023-04-02,France,Europe,67000000,15847,264,3346713,54105,49950.94,807.54,1.617,92.0,98.38
2023-04-09,France,Europe,67000000,13890,225,3360603,54330,50158.25,810.9,1.617,92.0,98.38
2023-04-16,France,Europe,67000000,13131,249,3373734,54579,50354.24,814.61,1.618,92.0,98.38
2023-04-23,France,Europe,67000000,11293,130,3385027,54709,50522.79,816.55,1.616,92.0,98.38
2023-04-30,France,Europe,67000000,11943,132,3396970,54841,50701.04,818.52,1.614,92.0,98.39
2023-05-07,France,Europe,67000000,13488,233,3410458,55074,50902.36,822.0,1.615,92.0,98.39
2023-05-14,France,Europe,67000000,9895,165,3420353,55239,51050.04,824.46,1.615,92.0,98.39
2023-05-21,France,Europe,67000000,7729,185,3428082,55424,51165.4,827.22,1.617,92.0,98.38
2023-05-28,France,Europe,67000000,7944,73,3436026,55497,51283.97,828.31,1.615,92.0,98.39
2023-06-04,France,Europe,67000000,7727,154,3443753,55651,51399.3,830.61,1.616,92.0,98.38
2023-06-11,France,Europe,67000000,6483,56,3450236,55707,51496.06,831.45,1.615,92.0,98.39
2023-06-18,France,Europe,67000000,8547,123,3458783,55830,51623.63,833.28,1.614,92.0,98.39
2023-06-25,France,Europe,67000000,7888,113,3466671,55943,51741.36,834.97,1.614,92.0,98.39
2023-07-02,France,Europe,67000000,4752,46,3471423,55989,51812.28,835.66,1.613,92.0,98.39
2023-07-09,France,Europe,67000000,6288,95,3477711,56084,51906.13,837.07,1.613,92.0,98.39
2023-07-16,France,Europe,67000000,5777,80,3483488,56164,51992.36,838.27,1.612,92.0,98.39
2023-07-23,France,Europe,67000000,6241,51,3489729,56215,52085.51,839.03,1.611,92.0,98.39
2023-07-30,France,Europe,67000000,5744,83,3495473,56298,52171.24,840.27,1.611,92.0,98.39
2023-08-06,France,Europe,67000000,4337,63,3499810,56361,52235.97,841.21,1.61,92.0,98.39
2023-08-13,France,Europe,67000000,3806,69,3503616,56430,52292.78,842.24,1.611,92.0,98.39
2023-08-20,France,Europe,67000000,5650,127,3509266,56557,52377.1,844.13,1.612,92.0,98.39
2023-08-27,France,Europe,67000000,6884,90,3516150,56647,52479.85,845.48,1.611,92.0,98.39
2023-09-03,France,Europe,67000000,7964,116,3524114,56763,52598.72,847.21,1.611,92.0,98.39
2023-09-10,France,Europe,67000000,6616,120,3530730,56883,52697.46,849.0,1.611,92.0,98.39
2023-09-17,France,Europe,67000000,11281,229,3542011,57112,52865.84,852.42,1.612,92.0,98.39
2023-09-24,France,Europe,67000000,10665,191,3552676,57303,53025.01,855.27,1.613,92.0,98.39
2023-10-01,France,Europe,67000000,10979,171,3563655,57474,53188.88,857.82,1.613,92.0,98.39
2023-10-08,France,Europe,67000000,11886,206,3575541,57680,53366.28,860.9,1.613,92.0,98.39
2023-10-15,France,Europe,67000000,14518,300,3590059,57980,53582.97,865.37,1.615,92.0,98.39
2023-10-22,France,Europe,67000000,14663,323,3604722,58303,53801.82,870.19,1.617,92.0,98.38
2023-10-29,France,Europe,67000000,13343,255,3618065,58558,54000.97,874.0,1.618,92.0,98.38
2023-11-05,France,Europe,67000000,12056,255,3630121,58813,54180.91,877.81,1.62,92.0,98.38
2023-11-12,France,Europe,67000000,16864,416,3646985,59229,54432.61,884.01,1.624,92.0,98.38
2023-11-19,France,Europe,67000000,21139,437,3668124,59666,54748.12,890.54,1.627,92.0,98.37
2023-11-26,France,Europe,67000000,15795,250,3683919,59916,54983.87,894.27,1.626,92.0,98.37
2023-12-03,France,Europe,67000000,18846,435,3702765,60351,55265.15,900.76,1.63,92.0,98.37
2023-12-10,France,Europe,67000000,22267,502,3725032,60853,55597.49,908.25,1.634,92.0,98.37
2023-12-17,France,Europe,67000000,20509,234,3745541,61087,55903.6,911.75,1.631,92.0,98.37
2023-12-24,France,Europe,67000000,25290,389,3770831,61476,56281.06,917.55,1.63,92.0,98.37
2023-12-31,France,Europe,67000000,17283,358,3788114,61834,56539.01,922.9,1.632,92.0,98.37
2020-01-05,Italy,Europe,60000000,15322,382,15322,382,255.37,6.37,2.493,0.0,97.51
2020-01-12,Italy,Europe,60000000,19303,399,34625,781,577.08,13.02,2.256,0.0,97.74
2020-01-19,Italy,Europe,60000000,27027,610,61652,1391,1027.53,23.18,2.256,0.0,97.74
2020-01-26,Italy,Europe,60000000,31279,378,92931,1769,1548.85,29.48,1.904,0.0,98.1
2020-02-02,Italy,Europe,60000000,18338,274,111269,2043,1854.48,34.05,1.836,0.0,98.16
2020-02-09,Italy,Europe,60000000,20641,172,131910,2215,2198.5,36.92,1.679,0.0,98.32
2020-02-16,Italy,Europe,60000000,25386,541,157296,2756,2621.6,45.93,1.752,0.0,98.25
2020-02-23,Italy,Europe,60000000,29995,399,187291,3155,3121.52,52.58,1.685,0.0,98.31
2020-03-01,Italy,Europe,60000000,32730,390,220021,3545,3667.02,59.08,1.611,0.0,98.39
2020-03-08,Italy,Europe,60000000,21985,461,242006,4006,4033.43,66.77,1.655,0.0,98.34
2020-03-15,Italy,Europe,60000000,34432,721,276438,4727,4607.3,78.78,1.71,0.0,98.29
2020-03-22,Italy,Europe,60000000,23896,531,300334,5258,5005.57,87.63,1.751,0.0,98.25
2020-03-29,Italy,Europe,60000000,36409,639,336743,5897,5612.38,98.28,1.751,0.0,98.25
2020-04-05,Italy,Europe,60000000,37468,850,374211,6747,6236.85,112.45,1.803,0.0,98.2
2020-04-12,Italy,Europe,60000000,37562,671,411773,7418,6862.88,123.63,1.801,0.0,98.2
2020-04-19,Italy,Europe,60000000,47228,985,459001,8403,7650.02,140.05,1.831,0.0,98.17
2020-04-26,Italy,Europe,60000000,35928,719,494929,9122,8248.82,152.03,1.843,0.0,98.16
2020-05-03,Italy,Europe,60000000,35373,420,530302,9542,8838.37,159.03,1.799,0.0,98.2
2020-05-10,Italy,Europe,60000000,40745,968,571047,10510,9517.45,175.17,1.84,0.0,98.16
2020-05-17,Italy,Europe,60000000,49122,678,620169,11188,10336.15,186.47,1.804,0.0,98.2
2020-05-24,Italy,Europe,60000000,40215,466,660384,11654,11006.4,194.23,1.765,0.0,98.23
2020-05-31,Italy,Europe,60000000,51881,1280,712265,12934,11871.08,215.57,1.816,0.0,98.18
2020-06-07,Italy,Europe,60000000,43976,953,756241,13887,12604.02,231.45,1.836,0.0,98.16
2020-06-14,Italy,Europe,60000000,45905,830,802146,14717,13369.1,245.28,1.835,0.0,98.17
2020-06-21,Italy,Europe,60000000,29933,470,832079,15187,13867.98,253.12,1.825,0.0,98.17
2020-06-28,Italy,Europe,60000000,45366,885,877445,16072,14624.08,267.87,1.832,0.0,98.17
2020-07-05,Italy,Europe,60000000,38026,912,915471,16984,15257.85,283.07,1.855,0.0,98.14
2020-07-12,Italy,Europe,60000000,32969,544,948440,17528,15807.33,292.13,1.848,0.0,98.15
2020-07-19,Italy,Europe,60000000,45864,910,994304,18438,16571.73,307.3,1.854,0.0,98.15
2020-07-26,Italy,Europe,60000000,44702,566,1039006,19004,17316.77,316.73,1.829,0.0,98.17
2020-08-02,Italy,Europe,60000000,32434,610,1071440,19614,17857.33,326.9,1.831,0.0,98.17
2020-08-09,Italy,Europe,60000000,43036,475,1114476,20089,18574.6,334.82,1.803,0.0,98.2
2020-08-16,Italy,Europe,60000000,45258,712,1159734,20801,19328.9,346.68,1.794,0.0,98.21
2020-08-23,Italy,Europe,60000000,43928,976,1203662,21777,20061.03,362.95,1.809,0.0,98.19
2020-08-30,Italy,Europe,60000000,31636,263,1235298,22040,20588.3,367.33,1.784,0.0,98.22
2020-09-06,Italy,Europe,60000000,45449,834,1280747,22874,21345.78,381.23,1.786,0.0,98.21
2020-09-13,Italy,Europe,60000000,42929,955,1323676,23829,22061.27,397.15,1.8,0.0,98.2
2020-09-20,Italy,Europe,60000000,44523,1083,1368199,24912,22803.32,415.2,1.821,0.0,98.18
2020-09-27,Italy,Europe,60000000,37749,615,1405948,25527,23432.47,425.45,1.816,0.0,98.18
2020-10-04,Italy,Europe,60000000,34034,361,1439982,25888,23999.7,431.47,1.798,0.0,98.2
2020-10-11,Italy,Europe,60000000,36847,468,1476829,26356,24613.82,439.27,1.785,0.0,98.22
2020-10-18,Italy,Europe,60000000,43087,771,1519916,27127,25331.93,452.12,1.785,0.0,98.22
2020-10-25,Italy,Europe,60000000,35279,495,1555195,27622,25919.92,460.37,1.776,0.0,98.22
2020-11-01,Italy,Europe,60000000,23678,202,1578873,27824,26314.55,463.73,1.762,0.0,98.24
2020-11-08,Italy,Europe,60000000,29851,281,1608724,28105,26812.07,468.42,1.747,0.0,98.25
2020-11-15,Italy,Europe,60000000,32076,736,1640800,28841,27346.67,480.68,1.758,0.0,98.24
2020-11-22,Italy,Europe,60000000,35593,683,1676393,29524,27939.88,492.07,1.761,0.0,98.24
2020-11-29,Italy,Europe,60000000,22894,519,1699287,30043,28321.45,500.72,1.768,0.0,98.23
2020-12-06,Italy,Europe,60000000,32507,368,1731794,30411,28863.23,506.85,1.756,0.0,98.24
2020-12-13,Italy,Europe,60000000,28615,368,1760409,30779,29340.15,512.98,1.748,0.0,98.25
2020-12-20,Italy,Europe,60000000,27953,697,1788362,31476,29806.03,524.6,1.76,0.0,98.24
2020-12-27,Italy,Europe,60000000,15959,371,1804321,31847,30072.02,530.78,1.765,0.0,98.23
2021-01-03,Italy,Europe,60000000,22284,547,1826605,32394,30443.42,539.9,1.773,0.0,98.23
2021-01-10,Italy,Europe,60000000,18848,422,1845453,32816,30757.55,546.93,1.778,0.0,98.22
2021-01-17,Italy,Europe,60000000,13063,178,1858516,32994,30975.27,549.9,1.775,0.0,98.22
2021-01-24,Italy,Europe,60000000,11951,293,1870467,33287,31174.45,554.78,1.78,0.0,98.22
2021-01-31,Italy,Europe,60000000,17318,389,1887785,33676,31463.08,561.27,1.784,0.0,98.22
2021-02-07,Italy,Europe,60000000,16329,154,1904114,33830,31735.23,563.83,1.777,0.0,98.22
2021-02-14,Italy,Europe,60000000,10515,96,1914629,33926,31910.48,565.43,1.772,0.0,98.23
2021-02-21,Italy,Europe,60000000,7961,94,1922590,34020,32043.17,567.0,1.769,0.0,98.23
2021-02-28,Italy,Europe,60000000,7811,98,1930401,34118,32173.35,568.63,1.767,0.0,98.23
2021-03-07,Italy,Europe,60000000,4772,51,1935173,34169,32252.88,569.48,1.766,0.26,98.23
2021-03-14,Italy,Europe,60000000,5881,122,1941054,34291,32350.9,571.52,1.767,0.97,98.23
2021-03-21,Italy,Europe,60000000,3130,39,1944184,34330,32403.07,572.17,1.766,1.98,98.23
2021-03-28,Italy,Europe,60000000,3329,43,1947513,34373,32458.55,572.88,1.765,3.05,98.23
2021-04-04,Italy,Europe,60000000,3252,40,1950765,34413,32512.75,573.55,1.764,4.46,98.24
2021-04-11,Italy,Europe,60000000,5123,46,1955888,34459,32598.13,574.32,1.762,5.79,98.24
2021-04-18,Italy,Europe,60000000,6029,63,1961917,34522,32698.62,575.37,1.76,7.19,98.24
2021-04-25,Italy,Europe,60000000,6797,72,1968714,34594,32811.9,576.57,1.757,8.44,98.24
2021-05-02,Italy,Europe,60000000,7173,94,1975887,34688,32931.45,578.13,1.756,9.98,98.24
2021-05-09,Italy,Europe,60000000,10506,108,1986393,34796,33106.55,579.93,1.752,11.53,98.25
2021-05-16,Italy,Europe,60000000,10546,110,1996939,34906,33282.32,581.77,1.748,13.1,98.25
2021-05-23,Italy,Europe,60000000,10469,170,2007408,35076,33456.8,584.6,1.747,14.35,98.25
2021-05-30,Italy,Europe,60000000,13359,176,2020767,35252,33679.45,587.53,1.744,16.05,98.26
2021-06-06,Italy,Europe,60000000,11188,169,2031955,35421,33865.92,590.35,1.743,17.52,98.26
2021-06-13,Italy,Europe,60000000,19017,337,2050972,35758,34182.87,595.97,1.743,19.12,98.26
2021-06-20,Italy,Europe,60000000,21267,481,2072239,36239,34537.32,603.98,1.749,20.51,98.25
2021-06-27,Italy,Europe,60000000,20129,448,2092368,36687,34872.8,611.45,1.753,22.3,98.25
2021-07-04,Italy,Europe,60000000,26012,372,2118380,37059,35306.33,617.65,1.749,23.62,98.25
2021-07-11,Italy,Europe,60000000,22303,459,2140683,37518,35678.05,625.3,1.753,25.12,98.25
2021-07-18,Italy,Europe,60000000,23523,523,2164206,38041,36070.1,634.02,1.758,26.53,98.24
2021-07-25,Italy,Europe,60000000,30438,454,2194644,38495,36577.4,641.58,1.754,27.93,98.25
2021-08-01,Italy,Europe,60000000,25529,535,2220173,39030,37002.88,650.5,1.758,29.21,98.24
2021-08-08,Italy,Europe,60000000,22428,542,2242601,39572,37376.68,659.53,1.765,30.51,98.23
2021-08-15,Italy,Europe,60000000,29699,530,2272300,40102,37871.67,668.37,1.765,32.01,98.23
2021-08-22,Italy,Europe,60000000,32171,383,2304471,40485,38407.85,674.75,1.757,33.54,98.24
2021-08-29,Italy,Europe,60000000,28257,543,2332728,41028,38878.8,683.8,1.759,34.82,98.24
2021-09-05,Italy,Europe,60000000,32892,366,2365620,41394,39427.0,689.9,1.75,36.19,98.25
2021-09-12,Italy,Europe,60000000,26962,299,2392582,41693,39876.37,694.88,1.743,37.88,98.26
2021-09-19,Italy,Europe,60000000,28984,688,2421566,42381,40359.43,706.35,1.75,39.67,98.25
2021-09-26,Italy,Europe,60000000,35477,370,2457043,42751,40950.72,712.52,1.74,41.09,98.26
2021-10-03,Italy,Europe,60000000,40924,582,2497967,43333,41632.78,722.22,1.735,42.34,98.27
2021-10-10,Italy,Europe,60000000,36560,817,2534527,44150,42242.12,735.83,1.742,44.02,98.26
2021-10-17,Italy,Europe,60000000,28921,562,2563448,44712,42724.13,745.2,1.744,45.35,98.26
2021-10-24,Italy,Europe,60000000,30268,691,2593716,45403,43228.6,756.72,1.751,46.7,98.25
2021-10-31,Italy,Europe,60000000,31627,253,2625343,45656,43755.72,760.93,1.739,48.43,98.26
2021-11-07,Italy,Europe,60000000,43770,816,2669113,46472,44485.22,774.53,1.741,50.08,98.26
2021-11-14,Italy,Europe,60000000,29700,469,2698813,46941,44980.22,782.35,1.739,51.49,98.26
2021-11-21,Italy,Europe,60000000,28567,464,2727380,47405,45456.33,790.08,1.738,53.24,98.26
2021-11-28,Italy,Europe,60000000,27472,355,2754852,47760,45914.2,796.0,1.734,54.56,98.27
2021-12-05,Italy,Europe,60000000,32069,751,2786921,48511,46448.68,808.52,1.741,56.04,98.26
2021-12-12,Italy,Europe,60000000,37313,780,2824234,49291,47070.57,821.52,1.745,57.34,98.25
2021-12-19,Italy,Europe,60000000,37764,578,2861998,49869,47699.97,831.15,1.742,58.9,98.26
2021-12-26,Italy,Europe,60000000,49340,1040,2911338,50909,48522.3,848.48,1.749,60.33,98.25
2022-01-02,Italy,Europe,60000000,45234,493,2956572,51402,49276.2,856.7,1.739,61.55,98.26
2022-01-09,Italy,Europe,60000000,30919,426,2987491,51828,49791.52,863.8,1.735,63.06,98.27
2022-01-16,Italy,Europe,60000000,39878,936,3027369,52764,50456.15,879.4,1.743,64.56,98.26
2022-01-23,Italy,Europe,60000000,36986,327,3064355,53091,51072.58,884.85,1.733,65.79,98.27
2022-01-30,Italy,Europe,60000000,37676,582,3102031,53673,51700.52,894.55,1.73,67.49,98.27
2022-02-06,Italy,Europe,60000000,28745,242,3130776,53915,52179.6,898.58,1.722,68.96,98.28
2022-02-13,Italy,Europe,60000000,29972,265,3160748,54180,52679.13,903.0,1.714,70.59,98.29
2022-02-20,Italy,Europe,60000000,26845,492,3187593,54672,53126.55,911.2,1.715,71.96,98.28
2022-02-27,Italy,Europe,60000000,27642,399,3215235,55071,53587.25,917.85,1.713,73.64,98.29
2022-03-06,Italy,Europe,60000000,31518,654,3246753,55725,54112.55,928.75,1.716,74.92,98.28
2022-03-13,Italy,Europe,60000000,38371,461,3285124,56186,54752.07,936.43,1.71,76.52,98.29
2022-03-20,Italy,Europe,60000000,33472,796,3318596,56982,55309.93,949.7,1.717,77.96,98.28
2022-03-27,Italy,Europe,60000000,23214,193,3341810,57175,55696.83,952.92,1.711,79.65,98.29
2022-04-03,Italy,Europe,60000000,30976,656,3372786,57831,56213.1,963.85,1.715,80.99,98.28
2022-04-10,Italy,Europe,60000000,26869,228,3399655,58059,56660.92,967.65,1.708,82.77,98.29
2022-04-17,Italy,Europe,60000000,31573,753,3431228,58812,57187.13,980.2,1.714,84.13,98.29
2022-04-24,Italy,Europe,60000000,29563,577,3460791,59389,57679.85,989.82,1.716,85.52,98.28
2022-05-01,Italy,Europe,60000000,32281,778,3493072,60167,58217.87,1002.78,1.722,87.25,98.28
2022-05-08,Italy,Europe,60000000,29348,373,3522420,60540,58707.0,1009.0,1.719,88.62,98.28
2022-05-15,Italy,Europe,60000000,31442,257,3553862,60797,59231.03,1013.28,1.711,90.25,98.29
2022-05-22,Italy,Europe,60000000,26422,491,3580284,61288,59671.4,1021.47,1.712,92.0,98.29
2022-05-29,Italy,Europe,60000000,19872,273,3600156,61561,60002.6,1026.02,1.71,92.0,98.29
2022-06-05,Italy,Europe,60000000,21245,264,3621401,61825,60356.68,1030.42,1.707,92.0,98.29
2022-06-12,Italy,Europe,60000000,27643,660,3649044,62485,60817.4,1041.42,1.712,92.0,98.29
2022-06-19,Italy,Europe,60000000,22185,527,3671229,63012,61187.15,1050.2,1.716,92.0,98.28
2022-06-26,Italy,Europe,60000000,18884,203,3690113,63215,61501.88,1053.58,1.713,92.0,98.29
2022-07-03,Italy,Europe,60000000,20507,501,3710620,63716,61843.67,1061.93,1.717,92.0,98.28
2022-07-10,Italy,Europe,60000000,26895,327,3737515,64043,62291.92,1067.38,1.714,92.0,98.29
2022-07-17,Italy,Europe,60000000,30456,632,3767971,64675,62799.52,1077.92,1.716,92.0,98.28
2022-07-24,Italy,Europe,60000000,29952,700,3797923,65375,63298.72,1089.58,1.721,92.0,98.28
2022-07-31,Italy,Europe,60000000,33974,303,3831897,65678,63864.95,1094.63,1.714,92.0,98.29
2022-08-07,Italy,Europe,60000000,25001,482,3856898,66160,64281.63,1102.67,1.715,92.0,98.28
2022-08-14,Italy,Europe,60000000,29141,671,3886039,66831,64767.32,1113.85,1.72,92.0,98.28
2022-08-21,Italy,Europe,60000000,39419,525,3925458,67356,65424.3,1122.6,1.716,92.0,98.28
2022-08-28,Italy,Europe,60000000,27874,313,3953332,67669,65888.87,1127.82,1.712,92.0,98.29
2022-09-04,Italy,Europe,60000000,29785,455,3983117,68124,66385.28,1135.4,1.71,92.0,98.29
2022-09-11,Italy,Europe,60000000,25825,529,4008942,68653,66815.7,1144.22,1.712,92.0,98.29
2022-09-18,Italy,Europe,60000000,29637,485,4038579,69138,67309.65,1152.3,1.712,92.0,98.29
2022-09-25,Italy,Europe,60000000,36390,559,4074969,69697,67916.15,1161.62,1.71,92.0,98.29
2022-10-02,Italy,Europe,60000000,26795,463,4101764,70160,68362.73,1169.33,1.71,92.0,98.29
2022-10-09,Italy,Europe,60000000,31849,651,4133613,70811,68893.55,1180.18,1.713,92.0,98.29
2022-10-16,Italy,Europe,60000000,44590,979,4178203,71790,69636.72,1196.5,1.718,92.0,98.28
2022-10-23,Italy,Europe,60000000,38998,907,4217201,72697,70286.68,1211.62,1.724,92.0,98.28
2022-10-30,Italy,Europe,60000000,32080,262,4249281,72959,70821.35,1215.98,1.717,92.0,98.28
2022-11-06,Italy,Europe,60000000,42384,414,4291665,73373,71527.75,1222.88,1.71,92.0,98.29
2022-11-13,Italy,Europe,60000000,35162,352,4326827,73725,72113.78,1228.75,1.704,92.0,98.3
2022-11-20,Italy,Europe,60000000,29765,272,4356592,73997,72609.87,1233.28,1.699,92.0,98.3
2022-11-27,Italy,Europe,60000000,40958,350,4397550,74347,73292.5,1239.12,1.691,92.0,98.31
2022-12-04,Italy,Europe,60000000,36362,354,4433912,74701,73898.53,1245.02,1.685,92.0,98.31
2022-12-11,Italy,Europe,60000000,36899,481,4470811,75182,74513.52,1253.03,1.682,92.0,98.32
2022-12-18,Italy,Europe,60000000,41898,1035,4512709,76217,75211.82,1270.28,1.689,92.0,98.31
2022-12-25,Italy,Europe,60000000,44639,684,4557348,76901,75955.8,1281.68,1.687,92.0,98.31
2023-01-01,Italy,Europe,60000000,25128,223,4582476,77124,76374.6,1285.4,1.683,92.0,98.32
2023-01-08,Italy,Europe,60000000,33079,392,4615555,77516,76925.92,1291.93,1.679,92.0,98.32
2023-01-15,Italy,Europe,60000000,28443,506,4643998,78022,77399.97,1300.37,1.68,92.0,98.32
2023-01-22,Italy,Europe,60000000,39156,859,4683154,78881,78052.57,1314.68,1.684,92.0,98.32
2023-01-29,Italy,Europe,60000000,29247,414,4712401,79295,78540.02,1321.58,1.683,92.0,98.32
2023-02-05,Italy,Europe,60000000,28156,325,4740557,79620,79009.28,1327.0,1.68,92.0,98.32
2023-02-12,Italy,Europe,60000000,29989,485,4770546,80105,79509.1,1335.08,1.679,92.0,98.32
2023-02-19,Italy,Europe,60000000,24773,358,4795319,80463,79921.98,1341.05,1.678,92.0,98.32
2023-02-26,Italy,Europe,60000000,34437,500,4829756,80963,80495.93,1349.38,1.676,92.0,98.32
2023-03-05,Italy,Europe,60000000,24579,586,4854335,81549,80905.58,1359.15,1.68,92.0,98.32
2023-03-12,Italy,Europe,60000000,33829,663,4888164,82212,81469.4,1370.2,1.682,92.0,98.32
2023-03-19,Italy,Europe,60000000,18538,298,4906702,82510,81778.37,1375.17,1.682,92.0,98.32
2023-03-26,Italy,Europe,60000000,19622,375,4926324,82885,82105.4,1381.42,1.682,92.0,98.32
2023-04-02,Italy,Europe,60000000,24318,490,4950642,83375,82510.7,1389.58,1.684,92.0,98.32
2023-04-09,Italy,Europe,60000000,21112,210,4971754,83585,82862.57,1393.08,1.681,92.0,98.32
2023-04-16,Italy,Europe,60000000,26433,508,4998187,84093,83303.12,1401.55,1.682,92.0,98.32
2023-04-23,Italy,Europe,60000000,17891,310,5016078,84403,83601.3,1406.72,1.683,92.0,98.32
2023-04-30,Italy,Europe,60000000,21880,478,5037958,84881,83965.97,1414.68,1.685,92.0,98.31
2023-05-07,Italy,Europe,60000000,15543,191,5053501,85072,84225.02,1417.87,1.683,92.0,98.32
2023-05-14,Italy,Europe,60000000,14034,210,5067535,85282,84458.92,1421.37,1.683,92.0,98.32
2023-05-21,Italy,Europe,60000000,15207,139,5082742,85421,84712.37,1423.68,1.681,92.0,98.32
2023-05-28,Italy,Europe,60000000,10010,106,5092752,85527,84879.2,1425.45,1.679,92.0,98.32
2023-06-04,Italy,Europe,60000000,7930,119,5100682,85646,85011.37,1427.43,1.679,92.0,98.32
2023-06-11,Italy,Europe,60000000,13017,227,5113699,85873,85228.32,1431.22,1.679,92.0,98.32
2023-06-18,Italy,Europe,60000000,10260,209,5123959,86082,85399.32,1434.7,1.68,92.0,98.32
2023-06-25,Italy,Europe,60000000,8209,189,5132168,86271,85536.13,1437.85,1.681,92.0,98.32
2023-07-02,Italy,Europe,60000000,11825,222,5143993,86493,85733.22,1441.55,1.681,92.0,98.32
2023-07-09,Italy,Europe,60000000,8514,177,5152507,86670,85875.12,1444.5,1.682,92.0,98.32
2023-07-16,Italy,Europe,60000000,9515,145,5162022,86815,86033.7,1446.92,1.682,92.0,98.32
2023-07-23,Italy,Europe,60000000,9730,102,5171752,86917,86195.87,1448.62,1.681,92.0,98.32
2023-07-30,Italy,Europe,60000000,7863,175,5179615,87092,86326.92,1451.53,1.681,92.0,98.32
2023-08-06,Italy,Europe,60000000,6676,157,5186291,87249,86438.18,1454.15,1.682,92.0,98.32
2023-08-13,Italy,Europe,60000000,8098,131,5194389,87380,86573.15,1456.33,1.682,92.0,98.32
2023-08-20,Italy,Europe,60000000,6473,114,5200862,87494,86681.03,1458.23,1.682,92.0,98.32
2023-08-27,Italy,Europe,60000000,6501,82,5207363,87576,86789.38,1459.6,1.682,92.0,98.32
2023-09-03,Italy,Europe,60000000,13701,334,5221064,87910,87017.73,1465.17,1.684,92.0,98.32
2023-09-10,Italy,Europe,60000000,13978,193,5235042,88103,87250.7,1468.38,1.683,92.0,98.32
2023-09-17,Italy,Europe,60000000,16477,397,5251519,88500,87525.32,1475.0,1.685,92.0,98.31
2023-09-24,Italy,Europe,60000000,18178,227,5269697,88727,87828.28,1478.78,1.684,92.0,98.32
2023-10-01,Italy,Europe,60000000,12253,223,5281950,88950,88032.5,1482.5,1.684,92.0,98.32
2023-10-08,Italy,Europe,60000000,20799,208,5302749,89158,88379.15,1485.97,1.681,92.0,98.32
2023-10-15,Italy,Europe,60000000,16356,304,5319105,89462,88651.75,1491.03,1.682,92.0,98.32
2023-10-22,Italy,Europe,60000000,19215,332,5338320,89794,88972.0,1496.57,1.682,92.0,98.32
2023-10-29,Italy,Europe,60000000,18468,201,5356788,89995,89279.8,1499.92,1.68,92.0,98.32
2023-11-05,Italy,Europe,60000000,28432,661,5385220,90656,89753.67,1510.93,1.683,92.0,98.32
2023-11-12,Italy,Europe,60000000,24352,236,5409572,90892,90159.53,1514.87,1.68,92.0,98.32
2023-11-19,Italy,Europe,60000000,30026,547,5439598,91439,90659.97,1523.98,1.681,92.0,98.32
2023-11-26,Italy,Europe,60000000,24094,202,5463692,91641,91061.53,1527.35,1.677,92.0,98.32
2023-12-03,Italy,Europe,60000000,38455,396,5502147,92037,91702.45,1533.95,1.673,92.0,98.33
2023-12-10,Italy,Europe,60000000,38019,902,5540166,92939,92336.1,1548.98,1.678,92.0,98.32
2023-12-17,Italy,Europe,60000000,23584,204,5563750,93143,92729.17,1552.38,1.674,92.0,98.33
2023-12-24,Italy,Europe,60000000,31244,265,5594994,93408,93249.9,1556.8,1.669,92.0,98.33
2023-12-31,Italy,Europe,60000000,24337,520,5619331,93928,93655.52,1565.47,1.672,92.0,98.33
2020-01-05,Russia,Europe,144000000,14508,205,14508,205,100.75,1.42,1.413,0.0,98.59
2020-01-12,Russia,Europe,144000000,14352,116,28860,321,200.42,2.23,1.112,0.0,98.89
2020-01-19,Russia,Europe,144000000,10781,184,39641,505,275.28,3.51,1.274,0.0,98.73
2020-01-26,Russia,Europe,144000000,16045,333,55686,838,386.71,5.82,1.505,0.0,98.5
2020-02-02,Russia,Europe,144000000,12642,211,68328,1049,474.5,7.28,1.535,0.0,98.47
2020-02-09,Russia,Europe,144000000,13881,133,82209,1182,570.9,8.21,1.438,0.0,98.56
2020-02-16,Russia,Europe,144000000,16798,181,99007,1363,687.55,9.47,1.377,0.0,98.62
2020-02-23,Russia,Europe,144000000,15398,206,114405,1569,794.48,10.9,1.371,0.0,98.63
2020-03-01,Russia,Europe,144000000,16422,155,130827,1724,908.52,11.97,1.318,0.0,98.68
2020-03-08,Russia,Europe,144000000,14987,169,145814,1893,1012.6,13.15,1.298,0.0,98.7
2020-03-15,Russia,Europe,144000000,14998,279,160812,2172,1116.75,15.08,1.351,0.0,98.65
2020-03-22,Russia,Europe,144000000,18465,235,179277,2407,1244.98,16.72,1.343,0.0,98.66
2020-03-29,Russia,Europe,144000000,19573,377,198850,2784,1380.9,19.33,1.4,0.0,98.6
2020-04-05,Russia,Europe,144000000,27304,570,226154,3354,1570.51,23.29,1.483,0.0,98.52
2020-04-12,Russia,Europe,144000000,25996,422,252150,3776,1751.04,26.22,1.498,0.0,98.5
2020-04-19,Russia,Europe,144000000,26096,453,278246,4229,1932.26,29.37,1.52,0.0,98.48
2020-04-26,Russia,Europe,144000000,19786,228,298032,4457,2069.67,30.95,1.495,0.0,98.5
2020-05-03,Russia,Europe,144000000,21312,500,319344,4957,2217.67,34.42,1.552,0.0,98.45
2020-05-10,Russia,Europe,144000000,25374,519,344718,5476,2393.88,38.03,1.589,0.0,98.41
2020-05-17,Russia,Europe,144000000,22724,339,367442,5815,2551.68,40.38,1.583,0.0,98.42
2020-05-24,Russia,Europe,144000000,19651,214,387093,6029,2688.15,41.87,1.558,0.0,98.44
2020-05-31,Russia,Europe,144000000,30654,550,417747,6579,2901.02,45.69,1.575,0.0,98.42
2020-06-07,Russia,Europe,144000000,23336,505,441083,7084,3063.08,49.19,1.606,0.0,98.39
2020-06-14,Russia,Europe,144000000,22088,543,463171,7627,3216.47,52.97,1.647,0.0,98.35
2020-06-21,Russia,Europe,144000000,23761,326,486932,7953,3381.47,55.23,1.633,0.0,98.37
2020-06-28,Russia,Europe,144000000,23339,235,510271,8188,3543.55,56.86,1.605,0.0,98.39
2020-07-05,Russia,Europe,144000000,20218,384,530489,8572,3683.95,59.53,1.616,0.0,98.38
2020-07-12,Russia,Europe,144000000,32331,693,562820,9265,3908.47,64.34,1.646,0.0,98.35
2020-07-19,Russia,Europe,144000000,20688,357,583508,9622,4052.14,66.82,1.649,0.0,98.35
2020-07-26,Russia,Europe,144000000,20073,176,603581,9798,4191.53,68.04,1.623,0.0,98.38
2020-08-02,Russia,Europe,144000000,28639,489,632220,10287,4390.42,71.44,1.627,0.0,98.37
2020-08-09,Russia,Europe,144000000,19497,167,651717,10454,4525.81,72.6,1.604,0.0,98.4
2020-08-16,Russia,Europe,144000000,33407,284,685124,10738,4757.81,74.57,1.567,0.0,98.43
2020-08-23,Russia,Europe,144000000,24720,409,709844,11147,4929.47,77.41,1.57,0.0,98.43
2020-08-30,Russia,Europe,144000000,19474,211,729318,11358,5064.71,78.88,1.557,0.0,98.44
2020-09-06,Russia,Europe,144000000,22725,476,752043,11834,5222.52,82.18,1.574,0.0,98.43
2020-09-13,Russia,Europe,144000000,24668,464,776711,12298,5393.83,85.4,1.583,0.0,98.42
2020-09-20,Russia,Europe,144000000,31168,656,807879,12954,5610.27,89.96,1.603,0.0,98.4
2020-09-27,Russia,Europe,144000000,22744,354,830623,13308,5768.22,92.42,1.602,0.0,98.4
2020-10-04,Russia,Europe,144000000,24821,479,855444,13787,5940.58,95.74,1.612,0.0,98.39
2020-10-11,Russia,Europe,144000000,22633,429,878077,14216,6097.76,98.72,1.619,0.0,98.38
2020-10-18,Russia,Europe,144000000,15736,240,893813,14456,6207.03,100.39,1.617,0.0,98.38
2020-10-25,Russia,Europe,144000000,18571,189,912384,14645,6336.0,101.7,1.605,0.0,98.39
2020-11-01,Russia,Europe,144000000,15763,287,928147,14932,6445.47,103.69,1.609,0.0,98.39
2020-11-08,Russia,Europe,144000000,20332,250,948479,15182,6586.66,105.43,1.601,0.0,98.4
2020-11-15,Russia,Europe,144000000,18977,310,967456,15492,6718.44,107.58,1.601,0.0,98.4
2020-11-22,Russia,Europe,144000000,15151,289,982607,15781,6823.66,109.59,1.606,0.0,98.39
2020-11-29,Russia,Europe,144000000,20733,444,1003340,16225,6967.64,112.67,1.617,0.0,98.38
2020-12-06,Russia,Europe,144000000,17950,299,1021290,16524,7092.29,114.75,1.618,0.0,98.38
2020-12-13,Russia,Europe,144000000,11821,152,1033111,16676,7174.38,115.81,1.614,0.0,98.39
2020-12-20,Russia,Europe,144000000,11458,279,1044569,16955,7253.95,117.74,1.623,0.0,98.38
2020-12-27,Russia,Europe,144000000,11123,117,1055692,17072,7331.19,118.56,1.617,0.0,98.38
2021-01-03,Russia,Europe,144000000,16408,394,1072100,17466,7445.14,121.29,1.629,0.0,98.37
2021-01-10,Russia,Europe,144000000,14302,115,1086402,17581,7544.46,122.09,1.618,0.0,98.38
2021-01-17,Russia,Europe,144000000,7954,114,1094356,17695,7599.69,122.88,1.617,0.0,98.38
2021-01-24,Russia,Europe,144000000,8131,67,1102487,17762,7656.16,123.35,1.611,0.0,98.39
2021-01-31,Russia,Europe,144000000,9122,219,1111609,17981,7719.51,124.87,1.618,0.0,98.38
2021-02-07,Russia,Europe,144000000,7409,142,1119018,18123,7770.96,125.85,1.62,0.0,98.38
2021-02-14,Russia,Europe,144000000,7895,96,1126913,18219,7825.78,126.52,1.617,0.0,98.38
2021-02-21,Russia,Europe,144000000,6728,78,1133641,18297,7872.51,127.06,1.614,0.0,98.39
2021-02-28,Russia,Europe,144000000,3943,78,1137584,18375,7899.89,127.6,1.615,0.0,98.39
2021-03-07,Russia,Europe,144000000,3087,77,1140671,18452,7921.33,128.14,1.618,0.26,98.38
2021-03-14,Russia,Europe,144000000,3100,46,1143771,18498,7942.85,128.46,1.617,0.77,98.38
2021-03-21,Russia,Europe,144000000,1491,27,1145262,18525,7953.21,128.65,1.618,1.78,98.38
2021-03-28,Russia,Europe,144000000,2870,46,1148132,18571,7973.14,128.97,1.617,3.12,98.38
2021-04-04,Russia,Europe,144000000,2957,60,1151089,18631,7993.67,129.38,1.619,4.61,98.38
2021-04-11,Russia,Europe,144000000,3210,69,1154299,18700,8015.97,129.86,1.62,6.05,98.38
2021-04-18,Russia,Europe,144000000,3857,69,1158156,18769,8042.75,130.34,1.621,7.35,98.38
2021-04-25,Russia,Europe,144000000,2554,36,1160710,18805,8060.49,130.59,1.62,8.88,98.38
2021-05-02,Russia,Europe,144000000,5584,56,1166294,18861,8099.26,130.98,1.617,10.56,98.38
2021-05-09,Russia,Europe,144000000,6933,73,1173227,18934,8147.41,131.49,1.614,12.27,98.39
2021-05-16,Russia,Europe,144000000,8721,177,1181948,19111,8207.97,132.72,1.617,13.94,98.38
2021-05-23,Russia,Europe,144000000,10064,184,1192012,19295,8277.86,133.99,1.619,15.32,98.38
2021-05-30,Russia,Europe,144000000,10549,194,1202561,19489,8351.12,135.34,1.621,16.87,98.38
2021-06-06,Russia,Europe,144000000,8320,173,1210881,19662,8408.9,136.54,1.624,18.12,98.38
2021-06-13,Russia,Europe,144000000,13468,182,1224349,19844,8502.42,137.81,1.621,19.4,98.38
2021-06-20,Russia,Europe,144000000,11280,98,1235629,19942,8580.76,138.49,1.614,21.01,98.39
2021-06-27,Russia,Europe,144000000,15656,348,1251285,20290,8689.48,140.9,1.622,22.29,98.38
2021-07-04,Russia,Europe,144000000,10480,228,1261765,20518,8762.26,142.49,1.626,24.04,98.37
2021-07-11,Russia,Europe,144000000,14042,231,1275807,20749,8859.77,144.09,1.626,25.43,98.37
2021-07-18,Russia,Europe,144000000,18827,357,1294634,21106,8990.51,146.57,1.63,26.8,98.37
2021-07-25,Russia,Europe,144000000,14103,326,1308737,21432,9088.45,148.83,1.638,28.01,98.36
2021-08-01,Russia,Europe,144000000,15032,261,1323769,21693,9192.84,150.65,1.639,29.3,98.36
2021-08-08,Russia,Europe,144000000,13270,290,1337039,21983,9284.99,152.66,1.644,31.04,98.36
2021-08-15,Russia,Europe,144000000,21836,508,1358875,22491,9436.63,156.19,1.655,32.57,98.34
2021-08-22,Russia,Europe,144000000,22519,327,1381394,22818,9593.01,158.46,1.652,34.17,98.35
2021-08-29,Russia,Europe,144000000,25360,300,1406754,23118,9769.12,160.54,1.643,35.6,98.36
2021-09-05,Russia,Europe,144000000,19973,206,1426727,23324,9907.83,161.97,1.635,36.85,98.36
2021-09-12,Russia,Europe,144000000,24894,612,1451621,23936,10080.7,166.22,1.649,38.3,98.35
2021-09-19,Russia,Europe,144000000,16038,146,1467659,24082,10192.08,167.24,1.641,40.03,98.36
2021-09-26,Russia,Europe,144000000,21325,286,1488984,24368,10340.17,169.22,1.637,41.52,98.36
2021-10-03,Russia,Europe,144000000,19821,323,1508805,24691,10477.81,171.47,1.636,43.23,98.36
2021-10-10,Russia,Europe,144000000,23907,473,1532712,25164,10643.83,174.75,1.642,44.65,98.36
2021-10-17,Russia,Europe,144000000,26311,508,1559023,25672,10826.55,178.28,1.647,45.92,98.35
2021-10-24,Russia,Europe,144000000,24357,301,1583380,25973,10995.69,180.37,1.64,47.6,98.36
2021-10-31,Russia,Europe,144000000,22570,562,1605950,26535,11152.43,184.27,1.652,48.86,98.35
2021-11-07,Russia,Europe,144000000,27869,542,1633819,27077,11345.97,188.03,1.657,50.52,98.34
2021-11-14,Russia,Europe,144000000,21273,348,1655092,27425,11493.69,190.45,1.657,52.2,98.34
2021-11-21,Russia,Europe,144000000,20318,240,1675410,27665,11634.79,192.12,1.651,53.73,98.35
2021-11-28,Russia,Europe,144000000,24655,315,1700065,27980,11806.01,194.31,1.646,55.11,98.35
2021-12-05,Russia,Europe,144000000,21128,446,1721193,28426,11952.73,197.4,1.652,56.7,98.35
2021-12-12,Russia,Europe,144000000,29268,719,1750461,29145,12155.98,202.4,1.665,58.18,98.33
2021-12-19,Russia,Europe,144000000,18043,159,1768504,29304,12281.28,203.5,1.657,59.56,98.34
2021-12-26,Russia,Europe,144000000,30635,517,1799139,29821,12494.02,207.09,1.658,60.92,98.34
2022-01-02,Russia,Europe,144000000,22756,413,1821895,30234,12652.05,209.96,1.659,62.52,98.34
2022-01-09,Russia,Europe,144000000,19080,469,1840975,30703,12784.55,213.22,1.668,64.04,98.33
2022-01-16,Russia,Europe,144000000,18675,433,1859650,31136,12914.24,216.22,1.674,65.29,98.33
2022-01-23,Russia,Europe,144000000,29472,735,1889122,31871,13118.9,221.33,1.687,66.91,98.31
2022-01-30,Russia,Europe,144000000,27221,373,1916343,32244,13307.94,223.92,1.683,68.67,98.32
2022-02-06,Russia,Europe,144000000,23538,481,1939881,32725,13471.4,227.26,1.687,70.43,98.31
2022-02-13,Russia,Europe,144000000,29292,649,1969173,33374,13674.81,231.76,1.695,71.81,98.31
2022-02-20,Russia,Europe,144000000,28705,536,1997878,33910,13874.15,235.49,1.697,73.57,98.3
2022-02-27,Russia,Europe,144000000,24353,322,2022231,34232,14043.27,237.72,1.693,74.99,98.31
2022-03-06,Russia,Europe,144000000,22246,476,2044477,34708,14197.76,241.03,1.698,76.38,98.3
2022-03-13,Russia,Europe,144000000,22138,307,2066615,35015,14351.49,243.16,1.694,78.07,98.31
2022-03-20,Russia,Europe,144000000,20220,188,2086835,35203,14491.91,244.47,1.687,79.37,98.31
2022-03-27,Russia,Europe,144000000,14813,244,2101648,35447,14594.78,246.16,1.687,80.63,98.31
2022-04-03,Russia,Europe,144000000,15029,360,2116677,35807,14699.15,248.66,1.692,82.36,98.31
2022-04-10,Russia,Europe,144000000,18434,456,2135111,36263,14827.16,251.83,1.698,83.56,98.3
2022-04-17,Russia,Europe,144000000,19635,362,2154746,36625,14963.51,254.34,1.7,85.03,98.3
2022-04-24,Russia,Europe,144000000,16657,262,2171403,36887,15079.19,256.16,1.699,86.48,98.3
2022-05-01,Russia,Europe,144000000,19476,200,2190879,37087,15214.44,257.55,1.693,87.8,98.31
2022-05-08,Russia,Europe,144000000,13293,165,2204172,37252,15306.75,258.69,1.69,89.31,98.31
2022-05-15,Russia,Europe,144000000,12086,275,2216258,37527,15390.68,260.6,1.693,90.69,98.31
2022-05-22,Russia,Europe,144000000,12014,234,2228272,37761,15474.11,262.23,1.695,91.92,98.31
2022-05-29,Russia,Europe,144000000,15386,305,2243658,38066,15580.96,264.35,1.697,92.0,98.3
2022-06-05,Russia,Europe,144000000,10222,144,2253880,38210,15651.94,265.35,1.695,92.0,98.31
2022-06-12,Russia,Europe,144000000,11356,139,2265236,38349,15730.81,266.31,1.693,92.0,98.31
2022-06-19,Russia,Europe,144000000,15668,306,2280904,38655,15839.61,268.44,1.695,92.0,98.31
2022-06-26,Russia,Europe,144000000,12638,138,2293542,38793,15927.38,269.4,1.691,92.0,98.31
2022-07-03,Russia,Europe,144000000,17208,392,2310750,39185,16046.87,272.12,1.696,92.0,98.3
2022-07-10,Russia,Europe,144000000,18398,310,2329148,39495,16174.64,274.27,1.696,92.0,98.3
2022-07-17,Russia,Europe,144000000,17465,288,2346613,39783,16295.92,276.27,1.695,92.0,98.31
2022-07-24,Russia,Europe,144000000,16299,349,2362912,40132,16409.11,278.69,1.698,92.0,98.3
2022-07-31,Russia,Europe,144000000,17272,228,2380184,40360,16529.06,280.28,1.696,92.0,98.3
2022-08-07,Russia,Europe,144000000,21432,289,2401616,40649,16677.89,282.28,1.693,92.0,98.31
2022-08-14,Russia,Europe,144000000,17758,261,2419374,40910,16801.21,284.1,1.691,92.0,98.31
2022-08-21,Russia,Europe,144000000,23949,382,2443323,41292,16967.52,286.75,1.69,92.0,98.31
2022-08-28,Russia,Europe,144000000,26849,219,2470172,41511,17153.97,288.27,1.68,92.0,98.32
2022-09-04,Russia,Europe,144000000,16643,355,2486815,41866,17269.55,290.74,1.684,92.0,98.32
2022-09-11,Russia,Europe,144000000,19401,443,2506216,42309,17404.28,293.81,1.688,92.0,98.31
2022-09-18,Russia,Europe,144000000,18189,320,2524405,42629,17530.59,296.03,1.689,92.0,98.31
2022-09-25,Russia,Europe,144000000,23505,197,2547910,42826,17693.82,297.4,1.681,92.0,98.32
2022-10-02,Russia,Europe,144000000,17308,194,2565218,43020,17814.01,298.75,1.677,92.0,98.32
2022-10-09,Russia,Europe,144000000,25920,606,2591138,43626,17994.01,302.96,1.684,92.0,98.32
2022-10-16,Russia,Europe,144000000,18566,287,2609704,43913,18122.94,304.95,1.683,92.0,98.32
2022-10-23,Russia,Europe,144000000,19608,324,2629312,44237,18259.11,307.2,1.682,92.0,98.32
2022-10-30,Russia,Europe,144000000,19059,455,2648371,44692,18391.47,310.36,1.688,92.0,98.31
2022-11-06,Russia,Europe,144000000,22248,183,2670619,44875,18545.97,311.63,1.68,92.0,98.32
2022-11-13,Russia,Europe,144000000,28087,303,2698706,45178,18741.01,313.74,1.674,92.0,98.33
2022-11-20,Russia,Europe,144000000,16305,263,2715011,45441,18854.24,315.56,1.674,92.0,98.33
2022-11-27,Russia,Europe,144000000,27355,602,2742366,46043,19044.21,319.74,1.679,92.0,98.32
2022-12-04,Russia,Europe,144000000,19884,442,2762250,46485,19182.29,322.81,1.683,92.0,98.32
2022-12-11,Russia,Europe,144000000,20996,391,2783246,46876,19328.1,325.53,1.684,92.0,98.32
2022-12-18,Russia,Europe,144000000,17707,365,2800953,47241,19451.06,328.06,1.687,92.0,98.31
2022-12-25,Russia,Europe,144000000,23624,343,2824577,47584,19615.12,330.44,1.685,92.0,98.31
2023-01-01,Russia,Europe,144000000,28034,645,2852611,48229,19809.8,334.92,1.691,92.0,98.31
2023-01-08,Russia,Europe,144000000,17753,285,2870364,48514,19933.08,336.9,1.69,92.0,98.31
2023-01-15,Russia,Europe,144000000,15309,266,2885673,48780,20039.4,338.75,1.69,92.0,98.31
2023-01-22,Russia,Europe,144000000,27244,311,2912917,49091,20228.59,340.91,1.685,92.0,98.31
2023-01-29,Russia,Europe,144000000,15809,373,2928726,49464,20338.38,343.5,1.689,92.0,98.31
2023-02-05,Russia,Europe,144000000,24004,560,2952730,50024,20505.07,347.39,1.694,92.0,98.31
2023-02-12,Russia,Europe,144000000,19032,259,2971762,50283,20637.24,349.19,1.692,92.0,98.31
2023-02-19,Russia,Europe,144000000,18538,290,2990300,50573,20765.97,351.2,1.691,92.0,98.31
2023-02-26,Russia,Europe,144000000,23843,513,3014143,51086,20931.55,354.76,1.695,92.0,98.31
2023-03-05,Russia,Europe,144000000,19790,214,3033933,51300,21068.98,356.25,1.691,92.0,98.31
2023-03-12,Russia,Europe,144000000,19167,390,3053100,51690,21202.08,358.96,1.693,92.0,98.31
2023-03-19,Russia,Europe,144000000,20746,198,3073846,51888,21346.15,360.33,1.688,92.0,98.31
2023-03-26,Russia,Europe,144000000,17412,189,3091258,52077,21467.07,361.65,1.685,92.0,98.31
2023-04-02,Russia,Europe,144000000,13499,283,3104757,52360,21560.81,363.61,1.686,92.0,98.31
2023-04-09,Russia,Europe,144000000,15536,277,3120293,52637,21668.7,365.53,1.687,92.0,98.31
2023-04-16,Russia,Europe,144000000,17339,150,3137632,52787,21789.11,366.58,1.682,92.0,98.32
2023-04-23,Russia,Europe,144000000,12934,315,3150566,53102,21878.93,368.76,1.685,92.0,98.31
2023-04-30,Russia,Europe,144000000,11613,126,3162179,53228,21959.58,369.64,1.683,92.0,98.32
2023-05-07,Russia,Europe,144000000,11537,133,3173716,53361,22039.69,370.56,1.681,92.0,98.32
2023-05-14,Russia,Europe,144000000,7558,103,3181274,53464,22092.18,371.28,1.681,92.0,98.32
2023-05-21,Russia,Europe,144000000,8562,159,3189836,53623,22151.64,372.38,1.681,92.0,98.32
2023-05-28,Russia,Europe,144000000,9562,129,3199398,53752,22218.04,373.28,1.68,92.0,98.32
2023-06-04,Russia,Europe,144000000,8947,182,3208345,53934,22280.17,374.54,1.681,92.0,98.32
2023-06-11,Russia,Europe,144000000,7326,150,3215671,54084,22331.05,375.58,1.682,92.0,98.32
2023-06-18,Russia,Europe,144000000,4660,52,3220331,54136,22363.41,375.94,1.681,92.0,98.32
2023-06-25,Russia,Europe,144000000,5458,111,3225789,54247,22401.31,376.72,1.682,92.0,98.32
2023-07-02,Russia,Europe,144000000,6141,56,3231930,54303,22443.96,377.1,1.68,92.0,98.32
2023-07-09,Russia,Europe,144000000,7380,170,3239310,54473,22495.21,378.28,1.682,92.0,98.32
2023-07-16,Russia,Europe,144000000,5376,104,3244686,54577,22532.54,379.01,1.682,92.0,98.32
2023-07-23,Russia,Europe,144000000,5433,48,3250119,54625,22570.27,379.34,1.681,92.0,98.32
2023-07-30,Russia,Europe,144000000,5712,142,3255831,54767,22609.94,380.33,1.682,92.0,98.32
2023-08-06,Russia,Europe,144000000,5249,93,3261080,54860,22646.39,380.97,1.682,92.0,98.32
2023-08-13,Russia,Europe,144000000,3339,49,3264419,54909,22669.58,381.31,1.682,92.0,98.32
2023-08-20,Russia,Europe,144000000,4131,84,3268550,54993,22698.26,381.9,1.682,92.0,98.32
2023-08-27,Russia,Europe,144000000,6064,145,3274614,55138,22740.38,382.9,1.684,92.0,98.32
2023-09-03,Russia,Europe,144000000,5772,110,3280386,55248,22780.46,383.67,1.684,92.0,98.32
2023-09-10,Russia,Europe,144000000,7002,82,3287388,55330,22829.08,384.24,1.683,92.0,98.32
2023-09-17,Russia,Europe,144000000,10675,131,3298063,55461,22903.22,385.15,1.682,92.0,98.32
2023-09-24,Russia,Europe,144000000,7227,143,3305290,55604,22953.4,386.14,1.682,92.0,98.32
2023-10-01,Russia,Europe,144000000,12585,188,3317875,55792,23040.8,387.44,1.682,92.0,98.32
2023-10-08,Russia,Europe,144000000,12070,123,3329945,55915,23124.62,388.3,1.679,92.0,98.32
2023-10-15,Russia,Europe,144000000,11538,271,3341483,56186,23204.74,390.18,1.681,92.0,98.32
2023-10-22,Russia,Europe,144000000,15543,172,3357026,56358,23312.68,391.38,1.679,92.0,98.32
2023-10-29,Russia,Europe,144000000,14110,330,3371136,56688,23410.67,393.67,1.682,92.0,98.32
2023-11-05,Russia,Europe,144000000,11911,159,3383047,56847,23493.38,394.77,1.68,92.0,98.32
2023-11-12,Russia,Europe,144000000,12957,230,3396004,57077,23583.36,396.37,1.681,92.0,98.32
2023-11-19,Russia,Europe,144000000,12601,253,3408605,57330,23670.87,398.12,1.682,92.0,98.32
2023-11-26,Russia,Europe,144000000,14242,175,3422847,57505,23769.77,399.34,1.68,92.0,98.32
2023-12-03,Russia,Europe,144000000,16594,272,3439441,57777,23885.01,401.23,1.68,92.0,98.32
2023-12-10,Russia,Europe,144000000,21004,280,3460445,58057,24030.87,403.17,1.678,92.0,98.32
2023-12-17,Russia,Europe,144000000,24517,451,3484962,58508,24201.12,406.31,1.679,92.0,98.32
2023-12-24,Russia,Europe,144000000,18258,247,3503220,58755,24327.92,408.02,1.677,92.0,98.32
2023-12-31,Russia,Europe,144000000,17841,382,3521061,59137,24451.81,410.67,1.68,92.0,98.32
2020-01-05,South Africa,Africa,60000000,22384,204,22384,204,373.07,3.4,0.911,0.0,99.09
2020-01-12,South Africa,Africa,60000000,27105,298,49489,502,824.82,8.37,1.014,0.0,98.99
2020-01-19,South Africa,Africa,60000000,27159,574,76648,1076,1277.47,17.93,1.404,0.0,98.6
2020-01-26,South Africa,Africa,60000000,28535,509,105183,1585,1753.05,26.42,1.507,0.0,98.49
2020-02-02,South Africa,Africa,60000000,18833,266,124016,1851,2066.93,30.85,1.493,0.0,98.51
2020-02-09,South Africa,Africa,60000000,29590,431,153606,2282,2560.1,38.03,1.486,0.0,98.51
2020-02-16,South Africa,Africa,60000000,35414,469,189020,2751,3150.33,45.85,1.455,0.0,98.55
2020-02-23,South Africa,Africa,60000000,26523,332,215543,3083,3592.38,51.38,1.43,0.0,98.57
2020-03-01,South Africa,Africa,60000000,28281,494,243824,3577,4063.73,59.62,1.467,0.0,98.53
2020-03-08,South Africa,Africa,60000000,36600,705,280424,4282,4673.73,71.37,1.527,0.0,98.47
2020-03-15,South Africa,Africa,60000000,39844,918,320268,5200,5337.8,86.67,1.624,0.0,98.38
2020-03-22,South Africa,Africa,60000000,41240,343,361508,5543,6025.13,92.38,1.533,0.0,98.47
2020-03-29,South Africa,Africa,60000000,40696,469,402204,6012,6703.4,100.2,1.495,0.0,98.5
2020-04-05,South Africa,Africa,60000000,28525,537,430729,6549,7178.82,109.15,1.52,0.0,98.48
2020-04-12,South Africa,Africa,60000000,33411,299,464140,6848,7735.67,114.13,1.475,0.0,98.53
2020-04-19,South Africa,Africa,60000000,29962,240,494102,7088,8235.03,118.13,1.435,0.0,98.56
2020-04-26,South Africa,Africa,60000000,48503,408,542605,7496,9043.42,124.93,1.381,0.0,98.62
2020-05-03,South Africa,Africa,60000000,32830,494,575435,7990,9590.58,133.17,1.389,0.0,98.61
2020-05-10,South Africa,Africa,60000000,36931,867,612366,8857,10206.1,147.62,1.446,0.0,98.55
2020-05-17,South Africa,Africa,60000000,29685,495,642051,9352,10700.85,155.87,1.457,0.0,98.54
2020-05-24,South Africa,Africa,60000000,46006,1096,688057,10448,11467.62,174.13,1.518,0.0,98.48
2020-05-31,South Africa,Africa,60000000,44994,974,733051,11422,12217.52,190.37,1.558,0.0,98.44
2020-06-07,South Africa,Africa,60000000,31771,462,764822,11884,12747.03,198.07,1.554,0.0,98.45
2020-06-14,South Africa,Africa,60000000,39438,909,804260,12793,13404.33,213.22,1.591,0.0,98.41
2020-06-21,South Africa,Africa,60000000,33935,359,838195,13152,13969.92,219.2,1.569,0.0,98.43
2020-06-28,South Africa,Africa,60000000,38654,345,876849,13497,14614.15,224.95,1.539,0.0,98.46
2020-07-05,South Africa,Africa,60000000,34962,853,911811,14350,15196.85,239.17,1.574,0.0,98.43
2020-07-12,South Africa,Africa,60000000,41360,775,953171,15125,15886.18,252.08,1.587,0.0,98.41
2020-07-19,South Africa,Africa,60000000,49040,698,1002211,15823,16703.52,263.72,1.579,0.0,98.42
2020-07-26,South Africa,Africa,60000000,33952,390,1036163,16213,17269.38,270.22,1.565,0.0,98.44
2020-08-02,South Africa,Africa,60000000,38076,716,1074239,16929,17903.98,282.15,1.576,0.0,98.42
2020-08-09,South Africa,Africa,60000000,40019,324,1114258,17253,18570.97,287.55,1.548,0.0,98.45
2020-08-16,South Africa,Africa,60000000,42881,1014,1157139,18267,19285.65,304.45,1.579,0.0,98.42
2020-08-23,South Africa,Africa,60000000,49723,1095,1206862,19362,20114.37,322.7,1.604,0.0,98.4
2020-08-30,South Africa,Africa,60000000,48731,658,1255593,20020,20926.55,333.67,1.594,0.0,98.41
2020-09-06,South Africa,Africa,60000000,47351,494,1302944,20514,21715.73,341.9,1.574,0.0,98.43
2020-09-13,South Africa,Africa,60000000,44036,832,1346980,21346,22449.67,355.77,1.585,0.0,98.42
2020-09-20,South Africa,Africa,60000000,28283,605,1375263,21951,22921.05,365.85,1.596,0.0,98.4
2020-09-27,South Africa,Africa,60000000,48158,604,1423421,22555,23723.68,375.92,1.585,0.0,98.42
2020-10-04,South Africa,Africa,60000000,45060,423,1468481,22978,24474.68,382.97,1.565,0.0,98.44
2020-10-11,South Africa,Africa,60000000,39274,638,1507755,23616,25129.25,393.6,1.566,0.0,98.43
2020-10-18,South Africa,Africa,60000000,37085,880,1544840,24496,25747.33,408.27,1.586,0.0,98.41
2020-10-25,South Africa,Africa,60000000,42879,915,1587719,25411,26461.98,423.52,1.6,0.0,98.4
2020-11-01,South Africa,Africa,60000000,29367,690,1617086,26101,26951.43,435.02,1.614,0.0,98.39
2020-11-08,South Africa,Africa,60000000,24905,560,1641991,26661,27366.52,444.35,1.624,0.0,98.38
2020-11-15,South Africa,Africa,60000000,28370,252,1670361,26913,27839.35,448.55,1.611,0.0,98.39
2020-11-22,South Africa,Africa,60000000,33458,399,1703819,27312,28396.98,455.2,1.603,0.0,98.4
2020-11-29,South Africa,Africa,60000000,24588,324,1728407,27636,28806.78,460.6,1.599,0.0,98.4
2020-12-06,South Africa,Africa,60000000,20445,225,1748852,27861,29147.53,464.35,1.593,0.0,98.41
2020-12-13,South Africa,Africa,60000000,18479,287,1767331,28148,29455.52,469.13,1.593,0.0,98.41
2020-12-20,South Africa,Africa,60000000,18632,365,1785963,28513,29766.05,475.22,1.597,0.0,98.4
2020-12-27,South Africa,Africa,60000000,19624,471,1805587,28984,30093.12,483.07,1.605,0.0,98.39
2021-01-03,South Africa,Africa,60000000,26634,344,1832221,29328,30537.02,488.8,1.601,0.0,98.4
2021-01-10,South Africa,Africa,60000000,23635,511,1855856,29839,30930.93,497.32,1.608,0.0,98.39
2021-01-17,South Africa,Africa,60000000,24015,436,1879871,30275,31331.18,504.58,1.61,0.0,98.39
2021-01-24,South Africa,Africa,60000000,12693,241,1892564,30516,31542.73,508.6,1.612,0.0,98.39
2021-01-31,South Africa,Africa,60000000,16414,309,1908978,30825,31816.3,513.75,1.615,0.0,98.39
2021-02-07,South Africa,Africa,60000000,11999,271,1920977,31096,32016.28,518.27,1.619,0.0,98.38
2021-02-14,South Africa,Africa,60000000,15114,176,1936091,31272,32268.18,521.2,1.615,0.0,98.39
2021-02-21,South Africa,Africa,60000000,7610,86,1943701,31358,32395.02,522.63,1.613,0.0,98.39
2021-02-28,South Africa,Africa,60000000,9958,194,1953659,31552,32560.98,525.87,1.615,0.0,98.39
2021-03-07,South Africa,Africa,60000000,7121,105,1960780,31657,32679.67,527.62,1.615,0.31,98.39
2021-03-14,South Africa,Africa,60000000,4252,68,1965032,31725,32750.53,528.75,1.614,0.98,98.39
2021-03-21,South Africa,Africa,60000000,4391,104,1969423,31829,32823.72,530.48,1.616,2.04,98.38
2021-03-28,South Africa,Africa,60000000,3671,58,1973094,31887,32884.9,531.45,1.616,3.33,98.38
2021-04-04,South Africa,Africa,60000000,5499,57,1978593,31944,32976.55,532.4,1.614,4.72,98.39
2021-04-11,South Africa,Africa,60000000,3814,70,1982407,32014,33040.12,533.57,1.615,6.1,98.39
2021-04-18,South Africa,Africa,60000000,4780,44,1987187,32058,33119.78,534.3,1.613,7.51,98.39
2021-04-25,South Africa,Africa,60000000,7125,85,1994312,32143,33238.53,535.72,1.612,9.13,98.39
2021-05-02,South Africa,Africa,60000000,8188,185,2002500,32328,33375.0,538.8,1.614,10.41,98.39
2021-05-09,South Africa,Africa,60000000,11996,214,2014496,32542,33574.93,542.37,1.615,12.2,98.39
2021-05-16,South Africa,Africa,60000000,13754,161,2028250,32703,33804.17,545.05,1.612,13.44,98.39
2021-05-23,South Africa,Africa,60000000,10848,184,2039098,32887,33984.97,548.12,1.613,14.74,98.39
2021-05-30,South Africa,Africa,60000000,11500,182,2050598,33069,34176.63,551.15,1.613,15.96,98.39
2021-06-06,South Africa,Africa,60000000,12363,186,2062961,33255,34382.68,554.25,1.612,17.2,98.39
2021-06-13,South Africa,Africa,60000000,16493,264,2079454,33519,34657.57,558.65,1.612,18.67,98.39
2021-06-20,South Africa,Africa,60000000,23375,397,2102829,33916,35047.15,565.27,1.613,20.15,98.39
2021-06-27,South Africa,Africa,60000000,19545,428,2122374,34344,35372.9,572.4,1.618,21.89,98.38
2021-07-04,South Africa,Africa,60000000,26814,521,2149188,34865,35819.8,581.08,1.622,23.17,98.38
2021-07-11,South Africa,Africa,60000000,20401,179,2169589,35044,36159.82,584.07,1.615,24.93,98.39
2021-07-18,South Africa,Africa,60000000,27342,565,2196931,35609,36615.52,593.48,1.621,26.32,98.38
2021-07-25,South Africa,Africa,60000000,31717,393,2228648,36002,37144.13,600.03,1.615,27.52,98.39
2021-08-01,South Africa,Africa,60000000,25507,451,2254155,36453,37569.25,607.55,1.617,29.0,98.38
2021-08-08,South Africa,Africa,60000000,35029,343,2289184,36796,38153.07,613.27,1.607,30.54,98.39
2021-08-15,South Africa,Africa,60000000,30182,385,2319366,37181,38656.1,619.68,1.603,32.23,98.4
2021-08-22,South Africa,Africa,60000000,35774,731,2355140,37912,39252.33,631.87,1.61,33.96,98.39
2021-08-29,South Africa,Africa,60000000,36408,434,2391548,38346,39859.13,639.1,1.603,35.58,98.4
2021-09-05,South Africa,Africa,60000000,29288,354,2420836,38700,40347.27,645.0,1.599,36.82,98.4
2021-09-12,South Africa,Africa,60000000,39021,783,2459857,39483,40997.62,658.05,1.605,38.16,98.39
2021-09-19,South Africa,Africa,60000000,40125,947,2499982,40430,41666.37,673.83,1.617,39.43,98.38
2021-09-26,South Africa,Africa,60000000,29974,622,2529956,41052,42165.93,684.2,1.623,40.79,98.38
2021-10-03,South Africa,Africa,60000000,39160,367,2569116,41419,42818.6,690.32,1.612,42.26,98.39
2021-10-10,South Africa,Africa,60000000,42422,834,2611538,42253,43525.63,704.22,1.618,43.95,98.38
2021-10-17,South Africa,Africa,60000000,46234,977,2657772,43230,44296.2,720.5,1.627,45.56,98.37
2021-10-24,South Africa,Africa,60000000,27485,469,2685257,43699,44754.28,728.32,1.627,46.78,98.37
2021-10-31,South Africa,Africa,60000000,45833,616,2731090,44315,45518.17,738.58,1.623,48.32,98.38
2021-11-07,South Africa,Africa,60000000,33901,722,2764991,45037,46083.18,750.62,1.629,50.05,98.37
2021-11-14,South Africa,Africa,60000000,36994,838,2801985,45875,46699.75,764.58,1.637,51.41,98.36
2021-11-21,South Africa,Africa,60000000,40462,914,2842447,46789,47374.12,779.82,1.646,52.8,98.35
2021-11-28,South Africa,Africa,60000000,50663,510,2893110,47299,48218.5,788.32,1.635,54.01,98.36
2021-12-05,South Africa,Africa,60000000,49605,454,2942715,47753,49045.25,795.88,1.623,55.81,98.38
2021-12-12,South Africa,Africa,60000000,50787,524,2993502,48277,49891.7,804.62,1.613,57.33,98.39
2021-12-19,South Africa,Africa,60000000,32384,494,3025886,48771,50431.43,812.85,1.612,58.57,98.39
2021-12-26,South Africa,Africa,60000000,33237,471,3059123,49242,50985.38,820.7,1.61,60.03,98.39
2022-01-02,South Africa,Africa,60000000,51036,1109,3110159,50351,51835.98,839.18,1.619,61.67,98.38
2022-01-09,South Africa,Africa,60000000,40315,898,3150474,51249,52507.9,854.15,1.627,63.08,98.37
2022-01-16,South Africa,Africa,60000000,44048,1096,3194522,52345,53242.03,872.42,1.639,64.47,98.36
2022-01-23,South Africa,Africa,60000000,42831,957,3237353,53302,53955.88,888.37,1.646,66.22,98.35
2022-01-30,South Africa,Africa,60000000,43374,556,3280727,53858,54678.78,897.63,1.642,67.61,98.36
2022-02-06,South Africa,Africa,60000000,26984,564,3307711,54422,55128.52,907.03,1.645,68.84,98.36
2022-02-13,South Africa,Africa,60000000,45499,455,3353210,54877,55886.83,914.62,1.637,70.14,98.36
2022-02-20,South Africa,Africa,60000000,36213,743,3389423,55620,56490.38,927.0,1.641,71.42,98.36
2022-02-27,South Africa,Africa,60000000,34777,563,3424200,56183,57070.0,936.38,1.641,72.75,98.36
2022-03-06,South Africa,Africa,60000000,27206,604,3451406,56787,57523.43,946.45,1.645,74.25,98.36
2022-03-13,South Africa,Africa,60000000,24520,530,3475926,57317,57932.1,955.28,1.649,76.04,98.35
2022-03-20,South Africa,Africa,60000000,35939,595,3511865,57912,58531.08,965.2,1.649,77.77,98.35
2022-03-27,South Africa,Africa,60000000,41874,872,3553739,58784,59228.98,979.73,1.654,79.24,98.35
2022-04-03,South Africa,Africa,60000000,33802,673,3587541,59457,59792.35,990.95,1.657,80.55,98.34
2022-04-10,South Africa,Africa,60000000,30100,665,3617641,60122,60294.02,1002.03,1.662,82.15,98.34
2022-04-17,South Africa,Africa,60000000,28496,549,3646137,60671,60768.95,1011.18,1.664,83.42,98.34
2022-04-24,South Africa,Africa,60000000,27359,587,3673496,61258,61224.93,1020.97,1.668,84.75,98.33
2022-05-01,South Africa,Africa,60000000,22742,549,3696238,61807,61603.97,1030.12,1.672,86.07,98.33
2022-05-08,South Africa,Africa,60000000,23070,564,3719308,62371,61988.47,1039.52,1.677,87.72,98.32
2022-05-15,South Africa,Africa,60000000,28908,650,3748216,63021,62470.27,1050.35,1.681,88.98,98.32
2022-05-22,South Africa,Africa,60000000,27722,459,3775938,63480,62932.3,1058.0,1.681,90.68,98.32
2022-05-29,South Africa,Africa,60000000,23621,438,3799559,63918,63325.98,1065.3,1.682,92.0,98.32
2022-06-05,South Africa,Africa,60000000,22783,479,3822342,64397,63705.7,1073.28,1.685,92.0,98.31
2022-06-12,South Africa,Africa,60000000,26090,408,3848432,64805,64140.53,1080.08,1.684,92.0,98.32
2022-06-19,South Africa,Africa,60000000,28924,637,3877356,65442,64622.6,1090.7,1.688,92.0,98.31
2022-06-26,South Africa,Africa,60000000,32908,722,3910264,66164,65171.07,1102.73,1.692,92.0,98.31
2022-07-03,South Africa,Africa,60000000,30030,713,3940294,66877,65671.57,1114.62,1.697,92.0,98.3
2022-07-10,South Africa,Africa,60000000,33691,664,3973985,67541,66233.08,1125.68,1.7,92.0,98.3
2022-07-17,South Africa,Africa,60000000,24618,375,3998603,67916,66643.38,1131.93,1.698,92.0,98.3
2022-07-24,South Africa,Africa,60000000,32870,578,4031473,68494,67191.22,1141.57,1.699,92.0,98.3
2022-07-31,South Africa,Africa,60000000,32490,550,4063963,69044,67732.72,1150.73,1.699,92.0,98.3
2022-08-07,South Africa,Africa,60000000,35751,403,4099714,69447,68328.57,1157.45,1.694,92.0,98.31
2022-08-14,South Africa,Africa,60000000,31946,460,4131660,69907,68861.0,1165.12,1.692,92.0,98.31
2022-08-21,South Africa,Africa,60000000,31480,358,4163140,70265,69385.67,1171.08,1.688,92.0,98.31
2022-08-28,South Africa,Africa,60000000,25195,448,4188335,70713,69805.58,1178.55,1.688,92.0,98.31
2022-09-04,South Africa,Africa,60000000,39193,553,4227528,71266,70458.8,1187.77,1.686,92.0,98.31
2022-09-11,South Africa,Africa,60000000,28833,498,4256361,71764,70939.35,1196.07,1.686,92.0,98.31
2022-09-18,South Africa,Africa,60000000,36574,436,4292935,72200,71548.92,1203.33,1.682,92.0,98.32
2022-09-25,South Africa,Africa,60000000,33879,412,4326814,72612,72113.57,1210.2,1.678,92.0,98.32
2022-10-02,South Africa,Africa,60000000,33075,327,4359889,72939,72664.82,1215.65,1.673,92.0,98.33
2022-10-09,South Africa,Africa,60000000,38677,779,4398566,73718,73309.43,1228.63,1.676,92.0,98.32
2022-10-16,South Africa,Africa,60000000,35913,459,4434479,74177,73907.98,1236.28,1.673,92.0,98.33
2022-10-23,South Africa,Africa,60000000,45850,934,4480329,75111,74672.15,1251.85,1.676,92.0,98.32
2022-10-30,South Africa,Africa,60000000,39808,454,4520137,75565,75335.62,1259.42,1.672,92.0,98.33
2022-11-06,South Africa,Africa,60000000,28968,233,4549105,75798,75818.42,1263.3,1.666,92.0,98.33
2022-11-13,South Africa,Africa,60000000,39593,706,4588698,76504,76478.3,1275.07,1.667,92.0,98.33
2022-11-20,South Africa,Africa,60000000,33481,551,4622179,77055,77036.32,1284.25,1.667,92.0,98.33
2022-11-27,South Africa,Africa,60000000,45997,436,4668176,77491,77802.93,1291.52,1.66,92.0,98.34
2022-12-04,South Africa,Africa,60000000,41731,519,4709907,78010,78498.45,1300.17,1.656,92.0,98.34
2022-12-11,South Africa,Africa,60000000,44556,500,4754463,78510,79241.05,1308.5,1.651,92.0,98.35
2022-12-18,South Africa,Africa,60000000,38093,498,4792556,79008,79875.93,1316.8,1.649,92.0,98.35
2022-12-25,South Africa,Africa,60000000,32425,659,4824981,79667,80416.35,1327.78,1.651,92.0,98.35
2023-01-01,South Africa,Africa,60000000,43324,1072,4868305,80739,81138.42,1345.65,1.658,92.0,98.34
2023-01-08,South Africa,Africa,60000000,37777,520,4906082,81259,81768.03,1354.32,1.656,92.0,98.34
2023-01-15,South Africa,Africa,60000000,25394,524,4931476,81783,82191.27,1363.05,1.658,92.0,98.34
2023-01-22,South Africa,Africa,60000000,24499,222,4955975,82005,82599.58,1366.75,1.655,92.0,98.34
2023-01-29,South Africa,Africa,60000000,35395,562,4991370,82567,83189.5,1376.12,1.654,92.0,98.35
2023-02-05,South Africa,Africa,60000000,32553,626,5023923,83193,83732.05,1386.55,1.656,92.0,98.34
2023-02-12,South Africa,Africa,60000000,24652,447,5048575,83640,84142.92,1394.0,1.657,92.0,98.34
2023-02-19,South Africa,Africa,60000000,22355,323,5070930,83963,84515.5,1399.38,1.656,92.0,98.34
2023-02-26,South Africa,Africa,60000000,30830,454,5101760,84417,85029.33,1406.95,1.655,92.0,98.34
2023-03-05,South Africa,Africa,60000000,34606,453,5136366,84870,85606.1,1414.5,1.652,92.0,98.35
2023-03-12,South Africa,Africa,60000000,28770,532,5165136,85402,86085.6,1423.37,1.653,92.0,98.35
2023-03-19,South Africa,Africa,60000000,29738,496,5194874,85898,86581.23,1431.63,1.654,92.0,98.35
2023-03-26,South Africa,Africa,60000000,18925,158,5213799,86056,86896.65,1434.27,1.651,92.0,98.35
2023-04-02,South Africa,Africa,60000000,22145,323,5235944,86379,87265.73,1439.65,1.65,92.0,98.35
2023-04-09,South Africa,Africa,60000000,26636,601,5262580,86980,87709.67,1449.67,1.653,92.0,98.35
2023-04-16,South Africa,Africa,60000000,21860,435,5284440,87415,88074.0,1456.92,1.654,92.0,98.35
2023-04-23,South Africa,Africa,60000000,19559,259,5303999,87674,88399.98,1461.23,1.653,92.0,98.35
2023-04-30,South Africa,Africa,60000000,19310,317,5323309,87991,88721.82,1466.52,1.653,92.0,98.35
2023-05-07,South Africa,Africa,60000000,13501,301,5336810,88292,88946.83,1471.53,1.654,92.0,98.35
2023-05-14,South Africa,Africa,60000000,14445,162,5351255,88454,89187.58,1474.23,1.653,92.0,98.35
2023-05-21,South Africa,Africa,60000000,15308,176,5366563,88630,89442.72,1477.17,1.652,92.0,98.35
2023-05-28,South Africa,Africa,60000000,9744,136,5376307,88766,89605.12,1479.43,1.651,92.0,98.35
2023-06-04,South Africa,Africa,60000000,9920,218,5386227,88984,89770.45,1483.07,1.652,92.0,98.35
2023-06-11,South Africa,Africa,60000000,13056,130,5399283,89114,89988.05,1485.23,1.65,92.0,98.35
2023-06-18,South Africa,Africa,60000000,9374,157,5408657,89271,90144.28,1487.85,1.651,92.0,98.35
2023-06-25,South Africa,Africa,60000000,12441,248,5421098,89519,90351.63,1491.98,1.651,92.0,98.35
2023-07-02,South Africa,Africa,60000000,11350,149,5432448,89668,90540.8,1494.47,1.651,92.0,98.35
2023-07-09,South Africa,Africa,60000000,10602,119,5443050,89787,90717.5,1496.45,1.65,92.0,98.35
2023-07-16,South Africa,Africa,60000000,9198,202,5452248,89989,90870.8,1499.82,1.65,92.0,98.35
2023-07-23,South Africa,Africa,60000000,10044,218,5462292,90207,91038.2,1503.45,1.651,92.0,98.35
2023-07-30,South Africa,Africa,60000000,5916,64,5468208,90271,91136.8,1504.52,1.651,92.0,98.35
2023-08-06,South Africa,Africa,60000000,8514,198,5476722,90469,91278.7,1507.82,1.652,92.0,98.35
2023-08-13,South Africa,Africa,60000000,5454,54,5482176,90523,91369.6,1508.72,1.651,92.0,98.35
2023-08-20,South Africa,Africa,60000000,6218,84,5488394,90607,91473.23,1510.12,1.651,92.0,98.35
2023-08-27,South Africa,Africa,60000000,6740,82,5495134,90689,91585.57,1511.48,1.65,92.0,98.35
2023-09-03,South Africa,Africa,60000000,9694,100,5504828,90789,91747.13,1513.15,1.649,92.0,98.35
2023-09-10,South Africa,Africa,60000000,15325,189,5520153,90978,92002.55,1516.3,1.648,92.0,98.35
2023-09-17,South Africa,Africa,60000000,13609,226,5533762,91204,92229.37,1520.07,1.648,92.0,98.35
2023-09-24,South Africa,Africa,60000000,18749,406,5552511,91610,92541.85,1526.83,1.65,92.0,98.35
2023-10-01,South Africa,Africa,60000000,13332,309,5565843,91919,92764.05,1531.98,1.651,92.0,98.35
2023-10-08,South Africa,Africa,60000000,17117,347,5582960,92266,93049.33,1537.77,1.653,92.0,98.35
2023-10-15,South Africa,Africa,60000000,25840,345,5608800,92611,93480.0,1543.52,1.651,92.0,98.35
2023-10-22,South Africa,Africa,60000000,16521,146,5625321,92757,93755.35,1545.95,1.649,92.0,98.35
2023-10-29,South Africa,Africa,60000000,17962,242,5643283,92999,94054.72,1549.98,1.648,92.0,98.35
2023-11-05,South Africa,Africa,60000000,23322,257,5666605,93256,94443.42,1554.27,1.646,92.0,98.35
2023-11-12,South Africa,Africa,60000000,26611,427,5693216,93683,94886.93,1561.38,1.646,92.0,98.35
2023-11-19,South Africa,Africa,60000000,33032,520,5726248,94203,95437.47,1570.05,1.645,92.0,98.36
2023-11-26,South Africa,Africa,60000000,23125,285,5749373,94488,95822.88,1574.8,1.643,92.0,98.36
2023-12-03,South Africa,Africa,60000000,29109,718,5778482,95206,96308.03,1586.77,1.648,92.0,98.35
2023-12-10,South Africa,Africa,60000000,38397,569,5816879,95775,96947.98,1596.25,1.647,92.0,98.35
2023-12-17,South Africa,Africa,60000000,31503,637,5848382,96412,97473.03,1606.87,1.649,92.0,98.35
2023-12-24,South Africa,Africa,60000000,44368,544,5892750,96956,98212.5,1615.93,1.645,92.0,98.36
2023-12-31,South Africa,Africa,60000000,33819,625,5926569,97581,98776.15,1626.35,1.647,92.0,98.35
2020-01-05,Australia,Oceania,25000000,13869,189,13869,189,554.76,7.56,1.363,0.0,98.64
2020-01-12,Australia,Oceania,25000000,12592,123,26461,312,1058.44,12.48,1.179,0.0,98.82
2020-01-19,Australia,Oceania,25000000,13803,133,40264,445,1610.56,17.8,1.105,0.0,98.89
2020-01-26,Australia,Oceania,25000000,18363,448,58627,893,2345.08,35.72,1.523,0.0,98.48
2020-02-02,Australia,Oceania,25000000,21336,484,79963,1377,3198.52,55.08,1.722,0.0,98.28
2020-02-09,Australia,Oceania,25000000,18490,368,98453,1745,3938.12,69.8,1.772,0.0,98.23
2020-02-16,Australia,Oceania,25000000,15862,296,114315,2041,4572.6,81.64,1.785,0.0,98.22
2020-02-23,Australia,Oceania,25000000,18456,298,132771,2339,5310.84,93.56,1.762,0.0,98.24
2020-03-01,Australia,Oceania,25000000,22733,290,155504,2629,6220.16,105.16,1.691,0.0,98.31
2020-03-08,Australia,Oceania,25000000,18164,430,173668,3059,6946.72,122.36,1.761,0.0,98.24
2020-03-15,Australia,Oceania,25000000,15456,251,189124,3310,7564.96,132.4,1.75,0.0,98.25
2020-03-22,Australia,Oceania,25000000,27089,497,216213,3807,8648.52,152.28,1.761,0.0,98.24
2020-03-29,Australia,Oceania,25000000,22949,281,239162,4088,9566.48,163.52,1.709,0.0,98.29
2020-04-05,Australia,Oceania,25000000,20757,466,259919,4554,10396.76,182.16,1.752,0.0,98.25
2020-04-12,Australia,Oceania,25000000,24297,406,284216,4960,11368.64,198.4,1.745,0.0,98.25
2020-04-19,Australia,Oceania,25000000,18218,150,302434,5110,12097.36,204.4,1.69,0.0,98.31
2020-04-26,Australia,Oceania,25000000,31265,450,333699,5560,13347.96,222.4,1.666,0.0,98.33
2020-05-03,Australia,Oceania,25000000,26445,247,360144,5807,14405.76,232.28,1.612,0.0,98.39
2020-05-10,Australia,Oceania,25000000,28089,670,388233,6477,15529.32,259.08,1.668,0.0,98.33
2020-05-17,Australia,Oceania,25000000,26839,272,415072,6749,16602.88,269.96,1.626,0.0,98.37
2020-05-24,Australia,Oceania,25000000,27273,573,442345,7322,17693.8,292.88,1.655,0.0,98.34
2020-05-31,Australia,Oceania,25000000,24806,569,467151,7891,18686.04,315.64,1.689,0.0,98.31
2020-06-07,Australia,Oceania,25000000,28889,672,496040,8563,19841.6,342.52,1.726,0.0,98.27
2020-06-14,Australia,Oceania,25000000,28701,293,524741,8856,20989.64,354.24,1.688,0.0,98.31
2020-06-21,Australia,Oceania,25000000,23807,272,548548,9128,21941.92,365.12,1.664,0.0,98.34
2020-06-28,Australia,Oceania,25000000,33605,703,582153,9831,23286.12,393.24,1.689,0.0,98.31
2020-07-05,Australia,Oceania,25000000,29914,392,612067,10223,24482.68,408.92,1.67,0.0,98.33
2020-07-12,Australia,Oceania,25000000,21939,457,634006,10680,25360.24,427.2,1.685,0.0,98.31
2020-07-19,Australia,Oceania,25000000,26626,315,660632,10995,26425.28,439.8,1.664,0.0,98.34
2020-07-26,Australia,Oceania,25000000,28861,250,689493,11245,27579.72,449.8,1.631,0.0,98.37
2020-08-02,Australia,Oceania,25000000,24055,384,713548,11629,28541.92,465.16,1.63,0.0,98.37
2020-08-09,Australia,Oceania,25000000,21055,520,734603,12149,29384.12,485.96,1.654,0.0,98.35
2020-08-16,Australia,Oceania,25000000,21862,223,756465,12372,30258.6,494.88,1.636,0.0,98.36
2020-08-23,Australia,Oceania,25000000,21564,454,778029,12826,31121.16,513.04,1.649,0.0,98.35
2020-08-30,Australia,Oceania,25000000,24771,436,802800,13262,32112.0,530.48,1.652,0.0,98.35
2020-09-06,Australia,Oceania,25000000,18232,156,821032,13418,32841.28,536.72,1.634,0.0,98.37
2020-09-13,Australia,Oceania,25000000,24377,533,845409,13951,33816.36,558.04,1.65,0.0,98.35
2020-09-20,Australia,Oceania,25000000,30486,288,875895,14239,35035.8,569.56,1.626,0.0,98.37
2020-09-27,Australia,Oceania,25000000,24845,584,900740,14823,36029.6,592.92,1.646,0.0,98.35
2020-10-04,Australia,Oceania,25000000,22169,489,922909,15312,36916.36,612.48,1.659,0.0,98.34
2020-10-11,Australia,Oceania,25000000,18105,432,941014,15744,37640.56,629.76,1.673,0.0,98.33
2020-10-18,Australia,Oceania,25000000,26014,624,967028,16368,38681.12,654.72,1.693,0.0,98.31
2020-10-25,Australia,Oceania,25000000,24290,344,991318,16712,39652.72,668.48,1.686,0.0,98.31
2020-11-01,Australia,Oceania,25000000,26878,340,1018196,17052,40727.84,682.08,1.675,0.0,98.33
2020-11-08,Australia,Oceania,25000000,18494,368,1036690,17420,41467.6,696.8,1.68,0.0,98.32
2020-11-15,Australia,Oceania,25000000,22965,546,1059655,17966,42386.2,718.64,1.695,0.0,98.31
2020-11-22,Australia,Oceania,25000000,15653,337,1075308,18303,43012.32,732.12,1.702,0.0,98.3
2020-11-29,Australia,Oceania,25000000,20805,189,1096113,18492,43844.52,739.68,1.687,0.0,98.31
2020-12-06,Australia,Oceania,25000000,16172,207,1112285,18699,44491.4,747.96,1.681,0.0,98.32
2020-12-13,Australia,Oceania,25000000,14530,359,1126815,19058,45072.6,762.32,1.691,0.0,98.31
2020-12-20,Australia,Oceania,25000000,16880,340,1143695,19398,45747.8,775.92,1.696,0.0,98.3
2020-12-27,Australia,Oceania,25000000,18785,270,1162480,19668,46499.2,786.72,1.692,0.0,98.31
2021-01-03,Australia,Oceania,25000000,16113,247,1178593,19915,47143.72,796.6,1.69,0.0,98.31
2021-01-10,Australia,Oceania,25000000,15458,171,1194051,20086,47762.04,803.44,1.682,0.0,98.32
2021-01-17,Australia,Oceania,25000000,14769,173,1208820,20259,48352.8,810.36,1.676,0.0,98.32
2021-01-24,Australia,Oceania,25000000,9505,198,1218325,20457,48733.0,818.28,1.679,0.0,98.32
2021-01-31,Australia,Oceania,25000000,8953,164,1227278,20621,49091.12,824.84,1.68,0.0,98.32
2021-02-07,Australia,Oceania,25000000,8216,169,1235494,20790,49419.76,831.6,1.683,0.0,98.32
2021-02-14,Australia,Oceania,25000000,6211,55,1241705,20845,49668.2,833.8,1.679,0.0,98.32
2021-02-21,Australia,Oceania,25000000,5570,89,1247275,20934,49891.0,837.36,1.678,0.0,98.32
2021-02-28,Australia,Oceania,25000000,4189,58,1251464,20992,50058.56,839.68,1.677,0.0,98.32
2021-03-07,Australia,Oceania,25000000,3876,34,1255340,21026,50213.6,841.04,1.675,0.31,98.33
2021-03-14,Australia,Oceania,25000000,3705,39,1259045,21065,50361.8,842.6,1.673,0.93,98.33
2021-03-21,Australia,Oceania,25000000,2345,35,1261390,21100,50455.6,844.0,1.673,1.91,98.33
2021-03-28,Australia,Oceania,25000000,2312,38,1263702,21138,50548.08,845.52,1.673,2.87,98.33
2021-04-04,Australia,Oceania,25000000,3064,58,1266766,21196,50670.64,847.84,1.673,4.09,98.33
2021-04-11,Australia,Oceania,25000000,2807,69,1269573,21265,50782.92,850.6,1.675,5.54,98.33
2021-04-18,Australia,Oceania,25000000,3346,78,1272919,21343,50916.76,853.72,1.677,7.18,98.32
2021-04-25,Australia,Oceania,25000000,3846,82,1276765,21425,51070.6,857.0,1.678,8.89,98.32
2021-05-02,Australia,Oceania,25000000,4635,74,1281400,21499,51256.0,859.96,1.678,10.33,98.32
2021-05-09,Australia,Oceania,25000000,7475,148,1288875,21647,51555.0,865.88,1.68,11.58,98.32
2021-05-16,Australia,Oceania,25000000,8413,136,1297288,21783,51891.52,871.32,1.679,12.82,98.32
2021-05-23,Australia,Oceania,25000000,8199,123,1305487,21906,52219.48,876.24,1.678,14.54,98.32
2021-05-30,Australia,Oceania,25000000,7400,163,1312887,22069,52515.48,882.76,1.681,16.08,98.32
2021-06-06,Australia,Oceania,25000000,7339,179,1320226,22248,52809.04,889.92,1.685,17.59,98.31
2021-06-13,Australia,Oceania,25000000,9630,153,1329856,22401,53194.24,896.04,1.684,19.3,98.32
2021-06-20,Australia,Oceania,25000000,10582,119,1340438,22520,53617.52,900.8,1.68,20.58,98.32
2021-06-27,Australia,Oceania,25000000,11365,241,1351803,22761,54072.12,910.44,1.684,22.06,98.32
2021-07-04,Australia,Oceania,25000000,11591,125,1363394,22886,54535.76,915.44,1.679,23.46,98.32
2021-07-11,Australia,Oceania,25000000,18646,257,1382040,23143,55281.6,925.72,1.675,25.25,98.33
2021-07-18,Australia,Oceania,25000000,15479,170,1397519,23313,55900.76,932.52,1.668,26.99,98.33
2021-07-25,Australia,Oceania,25000000,16061,322,1413580,23635,56543.2,945.4,1.672,28.78,98.33
2021-08-01,Australia,Oceania,25000000,12598,121,1426178,23756,57047.12,950.24,1.666,30.41,98.33
2021-08-08,Australia,Oceania,25000000,15664,174,1441842,23930,57673.68,957.2,1.66,31.63,98.34
2021-08-15,Australia,Oceania,25000000,13376,283,1455218,24213,58208.72,968.52,1.664,32.91,98.34
2021-08-22,Australia,Oceania,25000000,19077,349,1474295,24562,58971.8,982.48,1.666,34.37,98.33
2021-08-29,Australia,Oceania,25000000,14407,307,1488702,24869,59548.08,994.76,1.671,35.58,98.33
2021-09-05,Australia,Oceania,25000000,23994,556,1512696,25425,60507.84,1017.0,1.681,37.04,98.32
2021-09-12,Australia,Oceania,25000000,21772,350,1534468,25775,61378.72,1031.0,1.68,38.47,98.32
2021-09-19,Australia,Oceania,25000000,26941,624,1561409,26399,62456.36,1055.96,1.691,39.87,98.31
2021-09-26,Australia,Oceania,25000000,23904,567,1585313,26966,63412.52,1078.64,1.701,41.65,98.3
2021-10-03,Australia,Oceania,25000000,22942,360,1608255,27326,64330.2,1093.04,1.699,43.02,98.3
2021-10-10,Australia,Oceania,25000000,29634,309,1637889,27635,65515.56,1105.4,1.687,44.56,98.31
2021-10-17,Australia,Oceania,25000000,20529,261,1658418,27896,66336.72,1115.84,1.682,46.01,98.32
2021-10-24,Australia,Oceania,25000000,31106,277,1689524,28173,67580.96,1126.92,1.668,47.56,98.33
2021-10-31,Australia,Oceania,25000000,18160,192,1707684,28365,68307.36,1134.6,1.661,49.02,98.34
2021-11-07,Australia,Oceania,25000000,24624,305,1732308,28670,69292.32,1146.8,1.655,50.41,98.34
2021-11-14,Australia,Oceania,25000000,18556,244,1750864,28914,70034.56,1156.56,1.651,52.19,98.35
2021-11-21,Australia,Oceania,25000000,31450,430,1782314,29344,71292.56,1173.76,1.646,53.73,98.35
2021-11-28,Australia,Oceania,25000000,31066,251,1813380,29595,72535.2,1183.8,1.632,55.42,98.37
2021-12-05,Australia,Oceania,25000000,31732,303,1845112,29898,73804.48,1195.92,1.62,56.71,98.38
2021-12-12,Australia,Oceania,25000000,31949,547,1877061,30445,75082.44,1217.8,1.622,57.92,98.38
2021-12-19,Australia,Oceania,25000000,21374,334,1898435,30779,75937.4,1231.16,1.621,59.54,98.38
2021-12-26,Australia,Oceania,25000000,28440,708,1926875,31487,77075.0,1259.48,1.634,60.91,98.37
2022-01-02,Australia,Oceania,25000000,25416,433,1952291,31920,78091.64,1276.8,1.635,62.35,98.36
2022-01-09,Australia,Oceania,25000000,19798,487,1972089,32407,78883.56,1296.28,1.643,64.07,98.36
2022-01-16,Australia,Oceania,25000000,24490,447,1996579,32854,79863.16,1314.16,1.646,65.4,98.35
2022-01-23,Australia,Oceania,25000000,24927,493,2021506,33347,80860.24,1333.88,1.65,66.91,98.35
2022-01-30,Australia,Oceania,25000000,31092,571,2052598,33918,82103.92,1356.72,1.652,68.33,98.35
2022-02-06,Australia,Oceania,25000000,27595,300,2080193,34218,83207.72,1368.72,1.645,69.77,98.36
2022-02-13,Australia,Oceania,25000000,21234,325,2101427,34543,84057.08,1381.72,1.644,71.43,98.36
2022-02-20,Australia,Oceania,25000000,22786,489,2124213,35032,84968.52,1401.28,1.649,72.98,98.35
2022-02-27,Australia,Oceania,25000000,20452,445,2144665,35477,85786.6,1419.08,1.654,74.32,98.35
2022-03-06,Australia,Oceania,25000000,18486,306,2163151,35783,86526.04,1431.32,1.654,75.68,98.35
2022-03-13,Australia,Oceania,25000000,15288,290,2178439,36073,87137.56,1442.92,1.656,77.19,98.34
2022-03-20,Australia,Oceania,25000000,20472,500,2198911,36573,87956.44,1462.92,1.663,78.73,98.34
2022-03-27,Australia,Oceania,25000000,25124,260,2224035,36833,88961.4,1473.32,1.656,80.27,98.34
2022-04-03,Australia,Oceania,25000000,24490,438,2248525,37271,89941.0,1490.84,1.658,81.9,98.34
2022-04-10,Australia,Oceania,25000000,17974,172,2266499,37443,90659.96,1497.72,1.652,83.38,98.35
2022-04-17,Australia,Oceania,25000000,17658,401,2284157,37844,91366.28,1513.76,1.657,84.72,98.34
2022-04-24,Australia,Oceania,25000000,23312,566,2307469,38410,92298.76,1536.4,1.665,86.07,98.33
2022-05-01,Australia,Oceania,25000000,15950,370,2323419,38780,92936.76,1551.2,1.669,87.85,98.33
2022-05-08,Australia,Oceania,25000000,16296,219,2339715,38999,93588.6,1559.96,1.667,89.37,98.33
2022-05-15,Australia,Oceania,25000000,17991,227,2357706,39226,94308.24,1569.04,1.664,91.01,98.34
2022-05-22,Australia,Oceania,25000000,11296,99,2369002,39325,94760.08,1573.0,1.66,92.0,98.34
2022-05-29,Australia,Oceania,25000000,13428,179,2382430,39504,95297.2,1580.16,1.658,92.0,98.34
2022-06-05,Australia,Oceania,25000000,12904,145,2395334,39649,95813.36,1585.96,1.655,92.0,98.34
2022-06-12,Australia,Oceania,25000000,19442,291,2414776,39940,96591.04,1597.6,1.654,92.0,98.35
2022-06-19,Australia,Oceania,25000000,16513,408,2431289,40348,97251.56,1613.92,1.66,92.0,98.34
2022-06-26,Australia,Oceania,25000000,18217,367,2449506,40715,97980.24,1628.6,1.662,92.0,98.34
2022-07-03,Australia,Oceania,25000000,12844,250,2462350,40965,98494.0,1638.6,1.664,92.0,98.34
2022-07-10,Australia,Oceania,25000000,18678,384,2481028,41349,99241.12,1653.96,1.667,92.0,98.33
2022-07-17,Australia,Oceania,25000000,21984,187,2503012,41536,100120.48,1661.44,1.659,92.0,98.34
2022-07-24,Australia,Oceania,25000000,18359,214,2521371,41750,100854.84,1670.0,1.656,92.0,98.34
2022-07-31,Australia,Oceania,25000000,24606,227,2545977,41977,101839.08,1679.08,1.649,92.0,98.35
2022-08-07,Australia,Oceania,25000000,18044,334,2564021,42311,102560.84,1692.44,1.65,92.0,98.35
2022-08-14,Australia,Oceania,25000000,15774,203,2579795,42514,103191.8,1700.56,1.648,92.0,98.35
2022-08-21,Australia,Oceania,25000000,17225,258,2597020,42772,103880.8,1710.88,1.647,92.0,98.35
2022-08-28,Australia,Oceania,25000000,17629,250,2614649,43022,104585.96,1720.88,1.645,92.0,98.36
2022-09-04,Australia,Oceania,25000000,27806,673,2642455,43695,105698.2,1747.8,1.654,92.0,98.35
2022-09-11,Australia,Oceania,25000000,18579,170,2661034,43865,106441.36,1754.6,1.648,92.0,98.35
2022-09-18,Australia,Oceania,25000000,19195,318,2680229,44183,107209.16,1767.32,1.648,92.0,98.35
2022-09-25,Australia,Oceania,25000000,27474,614,2707703,44797,108308.12,1791.88,1.654,92.0,98.35
2022-10-02,Australia,Oceania,25000000,25441,338,2733144,45135,109325.76,1805.4,1.651,92.0,98.35
2022-10-09,Australia,Oceania,25000000,25887,211,2759031,45346,110361.24,1813.84,1.644,92.0,98.36
2022-10-16,Australia,Oceania,25000000,20895,413,2779926,45759,111197.04,1830.36,1.646,92.0,98.35
2022-10-23,Australia,Oceania,25000000,20670,450,2800596,46209,112023.84,1848.36,1.65,92.0,98.35
2022-10-30,Australia,Oceania,25000000,22771,463,2823367,46672,112934.68,1866.88,1.653,92.0,98.35
2022-11-06,Australia,Oceania,25000000,30495,360,2853862,47032,114154.48,1881.28,1.648,92.0,98.35
2022-11-13,Australia,Oceania,25000000,25174,593,2879036,47625,115161.44,1905.0,1.654,92.0,98.35
2022-11-20,Australia,Oceania,25000000,27169,479,2906205,48104,116248.2,1924.16,1.655,92.0,98.34
2022-11-27,Australia,Oceania,25000000,23183,317,2929388,48421,117175.52,1936.84,1.653,92.0,98.35
2022-12-04,Australia,Oceania,25000000,28916,511,2958304,48932,118332.16,1957.28,1.654,92.0,98.35
2022-12-11,Australia,Oceania,25000000,23563,208,2981867,49140,119274.68,1965.6,1.648,92.0,98.35
2022-12-18,Australia,Oceania,25000000,23004,305,3004871,49445,120194.84,1977.8,1.645,92.0,98.36
2022-12-25,Australia,Oceania,25000000,22944,309,3027815,49754,121112.6,1990.16,1.643,92.0,98.36
2023-01-01,Australia,Oceania,25000000,22128,227,3049943,49981,121997.72,1999.24,1.639,92.0,98.36
2023-01-08,Australia,Oceania,25000000,27224,545,3077167,50526,123086.68,2021.04,1.642,92.0,98.36
2023-01-15,Australia,Oceania,25000000,25581,556,3102748,51082,124109.92,2043.28,1.646,92.0,98.35
2023-01-22,Australia,Oceania,25000000,16559,313,3119307,51395,124772.28,2055.8,1.648,92.0,98.35
2023-01-29,Australia,Oceania,25000000,22092,419,3141399,51814,125655.96,2072.56,1.649,92.0,98.35
2023-02-05,Australia,Oceania,25000000,20987,180,3162386,51994,126495.44,2079.76,1.644,92.0,98.36
2023-02-12,Australia,Oceania,25000000,15061,231,3177447,52225,127097.88,2089.0,1.644,92.0,98.36
2023-02-19,Australia,Oceania,25000000,20085,206,3197532,52431,127901.28,2097.24,1.64,92.0,98.36
2023-02-26,Australia,Oceania,25000000,22308,240,3219840,52671,128793.6,2106.84,1.636,92.0,98.36
2023-03-05,Australia,Oceania,25000000,14420,330,3234260,53001,129370.4,2120.04,1.639,92.0,98.36
2023-03-12,Australia,Oceania,25000000,17295,169,3251555,53170,130062.2,2126.8,1.635,92.0,98.36
2023-03-19,Australia,Oceania,25000000,20670,456,3272225,53626,130889.0,2145.04,1.639,92.0,98.36
2023-03-26,Australia,Oceania,25000000,12061,119,3284286,53745,131371.44,2149.8,1.636,92.0,98.36
2023-04-02,Australia,Oceania,25000000,13165,135,3297451,53880,131898.04,2155.2,1.634,92.0,98.37
2023-04-09,Australia,Oceania,25000000,13590,326,3311041,54206,132441.64,2168.24,1.637,92.0,98.36
2023-04-16,Australia,Oceania,25000000,16518,331,3327559,54537,133102.36,2181.48,1.639,92.0,98.36
2023-04-23,Australia,Oceania,25000000,14705,186,3342264,54723,133690.56,2188.92,1.637,92.0,98.36
2023-04-30,Australia,Oceania,25000000,10838,270,3353102,54993,134124.08,2199.72,1.64,92.0,98.36
2023-05-07,Australia,Oceania,25000000,9590,228,3362692,55221,134507.68,2208.84,1.642,92.0,98.36
2023-05-14,Australia,Oceania,25000000,11295,229,3373987,55450,134959.48,2218.0,1.643,92.0,98.36
2023-05-21,Australia,Oceania,25000000,11726,288,3385713,55738,135428.52,2229.52,1.646,92.0,98.35
2023-05-28,Australia,Oceania,25000000,9701,184,3395414,55922,135816.56,2236.88,1.647,92.0,98.35
2023-06-04,Australia,Oceania,25000000,5584,106,3400998,56028,136039.92,2241.12,1.647,92.0,98.35
2023-06-11,Australia,Oceania,25000000,8691,134,3409689,56162,136387.56,2246.48,1.647,92.0,98.35
2023-06-18,Australia,Oceania,25000000,6177,136,3415866,56298,136634.64,2251.92,1.648,92.0,98.35
2023-06-25,Australia,Oceania,25000000,6325,56,3422191,56354,136887.64,2254.16,1.647,92.0,98.35
2023-07-02,Australia,Oceania,25000000,6102,145,3428293,56499,137131.72,2259.96,1.648,92.0,98.35
2023-07-09,Australia,Oceania,25000000,5269,89,3433562,56588,137342.48,2263.52,1.648,92.0,98.35
2023-07-16,Australia,Oceania,25000000,7254,102,3440816,56690,137632.64,2267.6,1.648,92.0,98.35
2023-07-23,Australia,Oceania,25000000,4888,95,3445704,56785,137828.16,2271.4,1.648,92.0,98.35
2023-07-30,Australia,Oceania,25000000,5697,71,3451401,56856,138056.04,2274.24,1.647,92.0,98.35
2023-08-06,Australia,Oceania,25000000,3667,70,3455068,56926,138202.72,2277.04,1.648,92.0,98.35
2023-08-13,Australia,Oceania,25000000,4669,106,3459737,57032,138389.48,2281.28,1.648,92.0,98.35
2023-08-20,Australia,Oceania,25000000,4659,73,3464396,57105,138575.84,2284.2,1.648,92.0,98.35
2023-08-27,Australia,Oceania,25000000,6510,142,3470906,57247,138836.24,2289.88,1.649,92.0,98.35
2023-09-03,Australia,Oceania,25000000,6666,148,3477572,57395,139102.88,2295.8,1.65,92.0,98.35
2023-09-10,Australia,Oceania,25000000,6835,118,3484407,57513,139376.28,2300.52,1.651,92.0,98.35
2023-09-17,Australia,Oceania,25000000,6966,163,3491373,57676,139654.92,2307.04,1.652,92.0,98.35
2023-09-24,Australia,Oceania,25000000,11805,104,3503178,57780,140127.12,2311.2,1.649,92.0,98.35
2023-10-01,Australia,Oceania,25000000,10837,149,3514015,57929,140560.6,2317.16,1.649,92.0,98.35
2023-10-08,Australia,Oceania,25000000,9272,193,3523287,58122,140931.48,2324.88,1.65,92.0,98.35
2023-10-15,Australia,Oceania,25000000,10793,120,3534080,58242,141363.2,2329.68,1.648,92.0,98.35
2023-10-22,Australia,Oceania,25000000,10485,188,3544565,58430,141782.6,2337.2,1.648,92.0,98.35
2023-10-29,Australia,Oceania,25000000,10832,95,3555397,58525,142215.88,2341.0,1.646,92.0,98.35
2023-11-05,Australia,Oceania,25000000,19290,261,3574687,58786,142987.48,2351.44,1.645,92.0,98.36
2023-11-12,Australia,Oceania,25000000,18090,229,3592777,59015,143711.08,2360.6,1.643,92.0,98.36
2023-11-19,Australia,Oceania,25000000,20527,382,3613304,59397,144532.16,2375.88,1.644,92.0,98.36
2023-11-26,Australia,Oceania,25000000,21578,420,3634882,59817,145395.28,2392.68,1.646,92.0,98.35
2023-12-03,Australia,Oceania,25000000,17930,181,3652812,59998,146112.48,2399.92,1.643,92.0,98.36
2023-12-10,Australia,Oceania,25000000,22627,511,3675439,60509,147017.56,2420.36,1.646,92.0,98.35
2023-12-17,Australia,Oceania,25000000,22856,254,3698295,60763,147931.8,2430.52,1.643,92.0,98.36
2023-12-24,Australia,Oceania,25000000,26064,464,3724359,61227,148974.36,2449.08,1.644,92.0,98.36
2023-12-31,Australia,Oceania,25000000,26452,527,3750811,61754,150032.44,2470.16,1.646,92.0,98.35
